Date,QUIC Canadian Fund Return,S&P/TSX Composite Total Return Index,,
09-20-2010,100.00,100.00,,
09-21-2010,100.30,99.49,,
09-22-2010,100.09,99.30,,
09-23-2010,99.82,98.93,,
09-24-2010,100.47,99.80,,
09-27-2010,100.70,99.69,,
09-28-2010,101.14,100.49,,
09-29-2010,101.91,101.34,,
09-30-2010,102.32,101.22,,
10-01-2010,102.63,101.25,,
10-04-2010,102.16,100.92,,
10-05-2010,103.51,102.36,,
10-06-2010,103.70,102.39,,
10-07-2010,103.24,101.93,,
10-08-2010,103.90,102.67,,
10-12-2010,104.01,103.00,,
10-13-2010,104.92,103.81,,
10-14-2010,104.86,103.37,,
10-15-2010,104.53,103.28,,
10-18-2010,104.67,103.76,,
10-19-2010,103.73,102.97,,
10-20-2010,104.11,103.62,,
10-21-2010,103.51,103.21,,
10-22-2010,103.99,103.28,,
10-25-2010,104.71,103.79,,
10-26-2010,104.57,103.96,,
10-27-2010,104.10,103.04,,
10-28-2010,104.34,103.05,,
10-29-2010,105.30,103.97,,
11-01-2010,105.25,103.87,,
11-02-2010,105.52,104.01,,
11-03-2010,105.70,103.92,,
11-04-2010,106.83,105.63,,
11-05-2010,107.57,106.01,,
11-08-2010,108.47,107.06,,
11-09-2010,107.71,105.95,,
11-10-2010,107.68,106.20,,
11-11-2010,107.69,106.13,,
11-12-2010,106.56,104.63,,
11-15-2010,106.64,104.52,,
11-16-2010,105.68,103.44,,
11-17-2010,106.02,103.92,,
11-18-2010,107.17,105.67,,
11-19-2010,107.90,106.38,,
11-22-2010,107.62,106.17,,
11-23-2010,106.45,105.06,,
11-24-2010,107.31,105.95,,
11-25-2010,107.53,106.31,,
11-26-2010,107.26,105.92,,
11-29-2010,106.99,105.96,,
11-30-2010,107.04,106.43,,
12-01-2010,108.33,108.06,,
12-02-2010,108.61,108.18,,
12-03-2010,109.09,108.31,,
12-06-2010,109.84,109.11,,
12-07-2010,109.73,108.90,,
12-08-2010,109.39,108.13,,
12-09-2010,109.53,108.26,,
12-10-2010,109.97,108.85,,
12-13-2010,110.59,109.39,,
12-14-2010,110.80,109.26,,
12-15-2010,110.63,108.85,,
12-16-2010,110.58,108.45,,
12-17-2010,110.75,108.62,,
12-20-2010,110.60,108.56,,
12-21-2010,111.64,109.98,,
12-22-2010,111.86,110.11,,
12-23-2010,111.72,110.06,,
12-24-2010,111.82,110.16,,
12-29-2010,112.17,110.80,,
12-30-2010,112.25,110.71,,
12-31-2010,112.52,110.78,,
01-04-2011,112.49,110.48,,
01-05-2011,112.17,110.43,,
01-06-2011,111.44,109.74,,
01-07-2011,110.84,109.42,,
01-10-2011,110.75,109.19,,
01-11-2011,111.53,110.48,,
01-12-2011,112.78,110.97,,
01-13-2011,112.45,110.49,,
01-14-2011,112.94,111.00,,
01-17-2011,112.93,110.82,,
01-18-2011,113.62,111.81,,
01-19-2011,113.22,110.82,,
01-20-2011,112.62,109.93,,
01-21-2011,112.16,109.34,,
01-24-2011,112.51,110.12,,
01-25-2011,112.07,109.40,,
01-26-2011,112.97,111.10,,
01-27-2011,112.88,110.67,,
01-28-2011,112.86,110.93,,
01-31-2011,113.52,111.88,,
02-01-2011,114.43,113.20,,
02-02-2011,114.28,112.94,,
02-03-2011,115.19,114.27,,
02-04-2011,115.16,113.86,,
02-07-2011,115.26,114.02,,
02-08-2011,115.72,114.69,,
02-09-2011,115.15,113.81,,
02-10-2011,115.32,114.27,,
02-11-2011,114.82,113.68,,
02-14-2011,115.48,114.87,,
02-15-2011,115.58,115.02,,
02-16-2011,116.42,116.10,,
02-17-2011,116.60,116.75,,
02-18-2011,116.46,116.66,,
02-22-2011,115.47,115.34,,
02-23-2011,115.46,115.29,,
02-24-2011,115.30,114.59,,
02-25-2011,116.99,116.13,,
02-28-2011,117.25,116.84,,
03-01-2011,116.96,116.73,,
03-02-2011,116.90,116.92,,
03-03-2011,117.02,117.51,,
03-04-2011,117.58,117.83,,
03-07-2011,116.38,116.50,,
03-08-2011,115.76,115.86,,
03-09-2011,114.77,114.82,,
03-10-2011,113.18,112.78,,
03-11-2011,113.39,113.14,,
03-14-2011,112.89,112.69,,
03-15-2011,112.71,112.10,,
03-16-2011,112.95,111.94,,
03-17-2011,114.14,113.77,,
03-18-2011,114.67,114.13,,
03-21-2011,116.01,116.00,,
03-22-2011,115.82,115.90,,
03-23-2011,116.48,116.63,,
03-24-2011,116.17,116.17,,
03-25-2011,116.17,116.26,,
03-28-2011,115.67,115.04,,
03-29-2011,116.07,115.44,,
03-30-2011,116.76,116.72,,
03-31-2011,117.03,116.99,,
04-01-2011,116.58,117.18,,
04-04-2011,118.12,117.91,,
04-05-2011,118.55,118.35,,
04-06-2011,118.41,117.79,,
04-07-2011,117.69,117.00,,
04-08-2011,118.25,117.84,,
04-11-2011,116.99,116.08,,
04-12-2011,115.95,114.47,,
04-13-2011,116.14,114.74,,
04-14-2011,116.18,114.65,,
04-15-2011,115.89,114.46,,
04-18-2011,115.28,113.66,,
04-19-2011,115.52,113.94,,
04-20-2011,116.37,115.28,,
04-21-2011,116.79,115.95,,
04-25-2011,116.72,115.41,,
04-26-2011,116.88,115.43,,
04-27-2011,116.67,115.33,,
04-28-2011,116.73,115.37,,
04-29-2011,117.39,115.79,,
05-02-2011,117.41,115.70,,
05-03-2011,116.49,113.69,,
05-04-2011,115.99,113.02,,
05-05-2011,115.35,111.73,,
05-06-2011,116.03,112.65,,
05-09-2011,116.46,113.57,,
05-10-2011,116.23,113.29,,
05-11-2011,115.16,111.46,,
05-12-2011,114.92,111.22,,
05-13-2011,114.78,111.13,,
05-16-2011,114.92,111.25,,
05-17-2011,115.32,111.67,,
05-18-2011,116.07,113.06,,
05-19-2011,116.36,113.21,,
05-20-2011,116.55,113.46,,
05-24-2011,116.21,112.99,,
05-25-2011,116.82,114.30,,
05-26-2011,117.18,114.50,,
05-27-2011,117.48,114.73,,
05-30-2011,117.81,115.00,,
05-31-2011,117.76,114.79,,
06-01-2011,116.40,112.52,,
06-02-2011,116.12,112.45,,
06-03-2011,116.32,112.44,,
06-06-2011,115.20,110.78,,
06-07-2011,114.80,110.50,,
06-08-2011,114.04,109.70,,
06-09-2011,114.49,110.29,,
06-10-2011,113.52,108.87,,
06-13-2011,112.39,107.75,,
06-14-2011,113.47,109.08,,
06-15-2011,113.01,108.04,,
06-16-2011,112.17,107.05,,
06-17-2011,112.00,106.53,,
06-20-2011,112.43,107.09,,
06-21-2011,113.67,108.81,,
06-22-2011,113.86,108.80,,
06-23-2011,113.51,108.12,,
06-24-2011,112.93,107.56,,
06-27-2011,113.01,108.04,,
06-28-2011,113.80,109.29,,
06-29-2011,114.37,109.99,,
06-30-2011,115.33,110.96,,
07-04-2011,115.91,111.72,,
07-05-2011,115.93,112.04,,
07-06-2011,115.91,111.86,,
07-07-2011,116.10,111.89,,
07-08-2011,115.71,111.60,,
07-11-2011,114.71,110.00,,
07-12-2011,115.30,110.46,,
07-13-2011,115.73,111.23,,
07-14-2011,115.47,110.63,,
07-15-2011,115.90,111.02,,
07-18-2011,115.74,110.64,,
07-19-2011,115.98,111.30,,
07-20-2011,116.29,111.37,,
07-21-2011,116.60,112.15,,
07-22-2011,116.92,112.71,,
07-25-2011,116.52,112.22,,
07-26-2011,115.76,111.09,,
07-27-2011,114.28,108.89,,
07-28-2011,114.28,109.04,,
07-29-2011,113.49,108.19,,
08-02-2011,112.74,106.58,,
08-03-2011,112.65,107.11,,
08-04-2011,110.17,103.46,,
08-05-2011,108.60,101.64,,
08-08-2011,105.37,97.54,,
08-09-2011,107.91,101.21,,
08-10-2011,108.68,101.96,,
08-11-2011,111.00,104.83,,
08-12-2011,110.94,104.85,,
08-15-2011,112.02,106.03,,
08-16-2011,111.16,104.76,,
08-17-2011,111.45,105.18,,
08-18-2011,109.36,101.90,,
08-19-2011,108.47,100.42,,
08-22-2011,108.94,100.95,,
08-23-2011,109.98,103.22,,
08-24-2011,110.09,103.27,,
08-25-2011,109.94,102.77,,
08-26-2011,110.25,103.13,,
08-29-2011,110.98,104.66,,
08-30-2011,111.69,105.75,,
08-31-2011,112.69,106.88,,
09-01-2011,112.32,106.33,,
09-02-2011,111.89,105.50,,
09-06-2011,111.17,104.80,,
09-07-2011,112.54,106.53,,
09-08-2011,112.18,106.22,,
09-09-2011,110.79,103.74,,
09-12-2011,109.48,101.74,,
09-13-2011,109.83,102.30,,
09-14-2011,110.07,103.05,,
09-15-2011,110.99,104.15,,
09-16-2011,110.59,102.80,,
09-19-2011,109.89,102.04,,
09-20-2011,110.34,102.37,,
09-21-2011,108.74,100.24,,
09-22-2011,106.29,96.95,,
09-23-2011,105.36,96.11,,
09-26-2011,106.69,98.18,,
09-27-2011,107.74,99.14,,
09-28-2011,106.11,97.27,,
09-29-2011,106.49,98.11,,
09-30-2011,106.40,97.63,,
10-03-2011,104.07,94.54,,
10-04-2011,102.54,93.92,,
10-05-2011,104.54,96.27,,
10-06-2011,106.27,98.99,,
10-07-2011,105.01,97.38,,
10-11-2011,107.03,99.79,,
10-12-2011,108.38,101.10,,
10-13-2011,107.75,100.11,,
10-14-2011,108.70,101.54,,
10-17-2011,107.93,100.20,,
10-18-2011,108.66,101.30,,
10-19-2011,107.46,99.59,,
10-20-2011,107.38,99.43,,
10-21-2011,108.24,100.43,,
10-24-2011,109.54,102.28,,
10-25-2011,109.53,101.84,,
10-26-2011,109.81,102.48,,
10-27-2011,111.35,104.86,,
10-28-2011,111.96,105.35,,
10-31-2011,110.62,103.10,,
11-01-2011,109.96,101.95,,
11-02-2011,110.99,103.01,,
11-03-2011,112.58,104.92,,
11-04-2011,112.19,104.41,,
11-07-2011,112.79,104.87,,
11-08-2011,113.28,105.10,,
11-09-2011,111.21,102.30,,
11-10-2011,110.93,101.94,,
11-11-2011,112.12,103.35,,
11-14-2011,111.76,102.91,,
11-15-2011,111.87,102.96,,
11-16-2011,111.47,102.51,,
11-17-2011,109.89,100.33,,
11-18-2011,109.53,100.14,,
11-21-2011,108.66,99.25,,
11-22-2011,108.95,99.34,,
11-23-2011,107.39,97.48,,
11-24-2011,106.86,96.75,,
11-25-2011,106.74,96.55,,
11-28-2011,108.12,98.10,,
11-29-2011,108.81,98.89,,
11-30-2011,111.54,102.88,,
12-01-2011,110.92,102.12,,
12-02-2011,110.14,101.80,,
12-05-2011,110.02,102.17,,
12-06-2011,109.91,101.85,,
12-07-2011,110.33,102.46,,
12-08-2011,109.17,100.80,,
12-09-2011,109.70,101.50,,
12-12-2011,108.93,100.43,,
12-13-2011,108.24,99.28,,
12-14-2011,106.80,97.46,,
12-15-2011,106.59,97.14,,
12-16-2011,107.31,98.25,,
12-19-2011,106.72,97.44,,
12-20-2011,107.79,98.94,,
12-21-2011,107.66,99.25,,
12-22-2011,108.17,100.32,,
12-23-2011,108.91,100.75,,
12-28-2011,107.66,99.18,,
12-29-2011,108.36,100.17,,
12-30-2011,109.00,101.13,,
01-03-2012,110.66,103.32,,
01-04-2012,110.65,103.48,,
01-05-2012,110.73,103.57,,
01-06-2012,110.35,103.16,,
01-09-2012,110.64,103.23,,
01-10-2012,110.70,103.85,,
01-11-2012,110.41,103.78,,
01-12-2012,110.58,103.89,,
01-13-2012,110.30,103.53,,
01-16-2012,110.58,103.76,,
01-17-2012,110.41,103.56,,
01-18-2012,111.21,104.37,,
01-19-2012,111.60,104.82,,
01-20-2012,112.25,104.96,,
01-23-2012,111.01,106.02,,
01-24-2012,110.74,105.00,,
01-25-2012,111.91,106.22,,
01-26-2012,111.58,105.59,,
01-27-2012,112.12,105.64,,
01-30-2012,112.02,105.42,,
01-31-2012,114.15,105.56,,
02-01-2012,114.59,106.11,,
02-02-2012,115.54,106.42,,
02-03-2012,115.52,106.62,,
02-06-2012,115.23,106.47,,
02-07-2012,114.93,106.07,,
02-08-2012,114.63,106.15,,
02-09-2012,114.80,105.95,,
02-10-2012,113.93,105.03,,
02-13-2012,114.03,105.14,,
02-14-2012,113.55,104.76,,
02-15-2012,113.51,104.83,,
02-16-2012,114.05,105.88,,
02-17-2012,113.66,105.67,,
02-21-2012,114.74,107.08,,
02-22-2012,115.40,107.75,,
02-23-2012,115.53,108.01,,
02-24-2012,115.26,107.96,,
02-27-2012,115.00,107.78,,
02-28-2012,115.53,108.13,,
02-29-2012,114.56,107.32,,
03-01-2012,115.06,108.02,,
03-02-2012,114.60,107.35,,
03-05-2012,113.55,106.34,,
03-06-2012,112.09,104.43,,
03-07-2012,112.46,104.90,,
03-08-2012,113.08,105.85,,
03-09-2012,113.16,106.21,,
03-12-2012,112.25,105.57,,
03-13-2012,112.87,106.57,,
03-14-2012,111.44,105.22,,
03-15-2012,111.90,105.91,,
03-16-2012,111.95,106.26,,
03-19-2012,111.85,106.11,,
03-20-2012,111.33,105.70,,
03-21-2012,111.58,105.77,,
03-22-2012,111.03,105.14,,
03-23-2012,111.96,106.02,,
03-26-2012,112.77,106.97,,
03-27-2012,112.56,106.45,,
03-28-2012,111.64,105.71,,
03-29-2012,111.22,105.08,,
03-30-2012,111.82,105.57,,
04-02-2012,112.65,106.60,,
04-03-2012,111.19,105.04,,
04-04-2012,110.07,103.80,,
04-05-2012,109.44,103.16,,
04-09-2012,108.84,102.44,,
04-10-2012,108.47,101.74,,
04-11-2012,109.08,102.53,,
04-12-2012,110.48,104.13,,
04-13-2012,109.37,102.65,,
04-16-2012,109.40,102.63,,
04-17-2012,109.85,103.48,,
04-18-2012,109.54,103.41,,
04-19-2012,109.32,103.62,,
04-20-2012,109.54,103.57,,
04-23-2012,108.42,102.28,,
04-24-2012,108.30,102.21,,
04-25-2012,109.36,103.32,,
04-26-2012,109.88,103.65,,
04-27-2012,110.42,104.47,,
04-30-2012,111.01,104.94,,
05-01-2012,111.35,105.29,,
05-02-2012,110.63,104.41,,
05-03-2012,109.37,102.57,,
05-04-2012,108.45,101.35,,
05-07-2012,108.42,101.26,,
05-08-2012,107.53,99.93,,
05-09-2012,107.55,99.67,,
05-10-2012,108.16,100.20,,
05-11-2012,108.12,99.88,,
05-14-2012,106.36,98.12,,
05-15-2012,105.17,96.89,,
05-16-2012,104.91,96.75,,
05-17-2012,105.15,96.79,,
05-18-2012,104.87,96.37,,
05-22-2012,106.18,97.84,,
05-23-2012,106.98,98.84,,
05-24-2012,106.83,98.86,,
05-25-2012,106.99,98.94,,
05-28-2012,107.06,98.87,,
05-29-2012,107.22,99.29,,
05-30-2012,106.01,97.80,,
05-31-2012,106.52,98.50,,
06-01-2012,105.90,97.20,,
06-04-2012,105.87,96.98,,
06-05-2012,106.89,98.45,,
06-06-2012,107.98,99.57,,
06-07-2012,107.20,99.21,,
06-08-2012,106.81,98.43,,
06-11-2012,106.20,97.59,,
06-12-2012,106.90,98.41,,
06-13-2012,107.08,98.53,,
06-14-2012,106.95,98.26,,
06-15-2012,107.09,98.76,,
06-18-2012,107.81,99.41,,
06-19-2012,109.03,101.02,,
06-20-2012,108.61,100.78,,
06-21-2012,106.51,97.77,,
06-22-2012,106.92,98.01,,
06-25-2012,106.18,97.11,,
06-26-2012,106.22,97.18,,
06-27-2012,106.62,97.94,,
06-28-2012,106.66,98.11,,
06-29-2012,108.31,99.58,,
07-03-2012,109.96,101.80,,
07-04-2012,110.38,102.36,,
07-05-2012,110.06,101.53,,
07-06-2012,108.95,100.18,,
07-09-2012,108.90,99.96,,
07-10-2012,108.34,98.91,,
07-11-2012,108.68,99.20,,
07-12-2012,108.27,98.18,,
07-13-2012,108.65,98.95,,
07-16-2012,108.91,99.01,,
07-17-2012,109.15,99.44,,
07-18-2012,109.24,99.51,,
07-19-2012,109.62,100.26,,
07-20-2012,109.50,99.89,,
07-23-2012,108.86,99.23,,
07-24-2012,108.13,98.61,,
07-25-2012,108.57,98.83,,
07-26-2012,109.83,100.10,,
07-27-2012,110.99,101.22,,
07-30-2012,110.98,101.18,,
07-31-2012,110.27,100.38,,
08-01-2012,109.89,99.98,,
08-02-2012,109.46,99.02,,
08-03-2012,110.73,100.36,,
08-07-2012,111.87,102.09,,
08-08-2012,111.60,101.39,,
08-09-2012,112.05,102.05,,
08-10-2012,111.95,102.33,,
08-13-2012,111.76,101.90,,
08-14-2012,111.67,102.04,,
08-15-2012,112.17,102.50,,
08-16-2012,113.20,103.60,,
08-17-2012,113.70,104.11,,
08-20-2012,113.65,104.00,,
08-21-2012,113.70,104.36,,
08-22-2012,113.69,104.38,,
08-23-2012,113.47,103.91,,
08-24-2012,113.54,104.08,,
08-27-2012,113.35,103.81,,
08-28-2012,113.21,103.48,,
08-29-2012,113.20,103.54,,
08-30-2012,112.35,102.50,,
08-31-2012,112.91,103.04,,
09-04-2012,113.05,102.98,,
09-05-2012,113.63,103.41,,
09-06-2012,114.52,104.72,,
09-07-2012,115.20,105.83,,
09-10-2012,114.85,105.38,,
09-11-2012,114.92,105.42,,
09-12-2012,115.06,105.63,,
09-13-2012,115.79,106.73,,
09-14-2012,116.83,107.94,,
09-17-2012,116.32,107.48,,
09-18-2012,116.38,107.28,,
09-19-2012,116.52,107.40,,
09-20-2012,116.56,107.17,,
09-21-2012,116.53,106.95,,
09-24-2012,115.81,106.35,,
09-25-2012,115.52,105.87,,
09-26-2012,115.47,105.79,,
09-27-2012,116.17,106.71,,
09-28-2012,116.33,106.57,,
10-01-2012,116.71,107.08,,
10-02-2012,116.88,107.26,,
10-03-2012,116.75,106.99,,
10-04-2012,117.29,107.75,,
10-05-2012,117.00,107.51,,
10-09-2012,115.87,106.25,,
10-10-2012,115.43,105.72,,
10-11-2012,115.45,105.93,,
10-12-2012,115.47,105.65,,
10-15-2012,115.81,105.89,,
10-16-2012,117.08,107.43,,
10-17-2012,117.36,107.90,,
10-18-2012,117.41,107.94,,
10-19-2012,117.19,107.51,,
10-22-2012,117.09,107.40,,
10-23-2012,115.77,105.93,,
10-24-2012,115.60,105.66,,
10-25-2012,116.21,106.57,,
10-26-2012,116.34,106.57,,
10-29-2012,116.28,106.71,,
10-30-2012,116.59,107.31,,
10-31-2012,117.39,107.71,,
11-01-2012,118.30,108.38,,
11-02-2012,117.56,107.34,,
11-05-2012,117.29,107.10,,
11-06-2012,117.02,107.18,,
11-07-2012,116.74,106.05,,
11-08-2012,116.21,105.70,,
11-09-2012,115.98,105.75,,
11-12-2012,115.80,105.71,,
11-13-2012,115.39,105.24,,
11-14-2012,114.03,103.47,,
11-15-2012,113.18,102.45,,
11-16-2012,113.43,103.04,,
11-19-2012,115.00,104.47,,
11-20-2012,114.98,104.52,,
11-21-2012,115.17,105.00,,
11-22-2012,115.37,105.47,,
11-23-2012,115.90,106.00,,
11-26-2012,115.77,105.77,,
11-27-2012,115.34,105.14,,
11-28-2012,115.30,105.44,,
11-29-2012,116.05,106.01,,
11-30-2012,116.24,106.33,,
12-03-2012,115.70,105.73,,
12-04-2012,115.43,105.45,,
12-05-2012,115.75,105.62,,
12-06-2012,116.02,105.59,,
12-07-2012,115.94,105.68,,
12-10-2012,116.33,106.30,,
12-11-2012,116.71,106.75,,
12-12-2012,117.38,107.48,,
12-13-2012,116.96,106.93,,
12-14-2012,116.98,107.00,,
12-17-2012,117.08,106.86,,
12-18-2012,117.60,107.32,,
12-19-2012,117.69,107.93,,
12-20-2012,117.58,107.81,,
12-21-2012,117.62,107.79,,
12-24-2012,117.75,107.69,,
12-27-2012,117.82,107.83,,
12-28-2012,117.46,107.38,,
12-31-2012,118.30,108.40,,
01-02-2013,118.97,109.39,,
01-03-2013,118.14,108.78,,
01-04-2013,118.78,109.39,,
01-07-2013,118.48,109.03,,
01-08-2013,118.39,109.08,,
01-09-2013,118.49,109.23,,
01-10-2013,118.83,109.91,,
01-11-2013,118.73,109.93,,
01-14-2013,118.77,109.94,,
01-15-2013,119.37,110.30,,
01-16-2013,119.22,110.01,,
01-17-2013,119.53,110.59,,
01-18-2013,119.57,111.05,,
01-21-2013,119.84,111.65,,
01-22-2013,119.83,111.98,,
01-23-2013,119.49,111.71,,
01-24-2013,119.87,111.97,,
01-25-2013,119.63,111.91,,
01-28-2013,119.57,111.90,,
01-29-2013,119.95,112.07,,
01-30-2013,119.91,111.80,,
01-31-2013,119.54,110.84,,
02-01-2013,119.87,111.58,,
02-04-2013,119.48,111.13,,
02-05-2013,119.69,111.38,,
02-06-2013,119.32,111.52,,
02-07-2013,119.24,111.47,,
02-08-2013,119.21,111.86,,
02-11-2013,118.84,111.40,,
02-12-2013,119.02,111.76,,
02-13-2013,119.12,111.67,,
02-14-2013,118.97,111.20,,
02-15-2013,118.63,110.91,,
02-19-2013,119.27,111.99,,
02-20-2013,118.52,111.16,,
02-21-2013,118.24,110.53,,
02-22-2013,118.82,111.07,,
02-25-2013,118.41,110.65,,
02-26-2013,118.17,110.79,,
02-27-2013,118.50,111.43,,
02-28-2013,119.18,112.24,,
03-01-2013,118.70,111.81,,
03-04-2013,118.18,111.24,,
03-05-2013,118.51,111.51,,
03-06-2013,119.15,112.35,,
03-07-2013,119.10,112.32,,
03-08-2013,119.04,112.40,,
03-11-2013,119.14,112.61,,
03-12-2013,118.96,112.80,,
03-13-2013,118.55,111.71,,
03-14-2013,118.92,112.21,,
03-15-2013,118.92,112.48,,
03-18-2013,118.52,112.06,,
03-19-2013,118.53,112.00,,
03-20-2013,118.71,112.47,,
03-21-2013,118.31,111.79,,
03-22-2013,118.62,111.87,,
03-25-2013,118.30,111.20,,
03-26-2013,118.39,111.58,,
03-27-2013,118.32,111.52,,
03-28-2013,118.60,112.02,,
04-01-2013,118.25,111.59,,
04-02-2013,118.41,111.48,,
04-03-2013,116.86,109.20,,
04-04-2013,116.63,108.68,,
04-05-2013,116.50,108.41,,
04-08-2013,116.65,108.52,,
04-09-2013,117.62,109.77,,
04-10-2013,117.89,110.21,,
04-11-2013,117.70,109.75,,
04-12-2013,116.67,108.49,,
04-15-2013,114.55,105.56,,
04-16-2013,115.40,106.58,,
04-17-2013,114.36,105.06,,
04-18-2013,114.70,105.50,,
04-19-2013,114.86,106.11,,
04-22-2013,115.30,106.33,,
04-23-2013,115.57,106.40,,
04-24-2013,117.01,107.98,,
04-25-2013,117.24,108.50,,
04-26-2013,116.43,107.57,,
04-29-2013,117.05,108.43,,
04-30-2013,118.57,109.70,,
05-01-2013,117.88,108.51,,
05-02-2013,118.01,109.03,,
05-03-2013,118.56,109.54,,
05-06-2013,118.47,109.68,,
05-07-2013,118.79,109.77,,
05-08-2013,119.42,110.84,,
05-09-2013,119.32,110.47,,
05-10-2013,120.18,110.89,,
05-13-2013,119.70,110.39,,
05-14-2013,119.69,110.82,,
05-15-2013,119.07,109.92,,
05-16-2013,119.35,110.22,,
05-17-2013,120.20,111.14,,
05-21-2013,121.41,112.31,,
05-22-2013,121.57,112.42,,
05-23-2013,120.84,111.59,,
05-24-2013,120.81,111.67,,
05-27-2013,120.94,111.94,,
05-28-2013,121.45,112.43,,
05-29-2013,121.45,112.34,,
05-30-2013,121.19,112.47,,
05-31-2013,120.31,111.64,,
06-03-2013,120.06,111.28,,
06-04-2013,120.15,111.15,,
06-05-2013,118.81,109.84,,
06-06-2013,118.42,109.55,,
06-07-2013,118.06,109.24,,
06-10-2013,117.77,109.32,,
06-11-2013,116.13,107.92,,
06-12-2013,114.71,107.04,,
06-13-2013,116.56,108.52,,
06-14-2013,115.96,107.72,,
06-17-2013,117.10,108.62,,
06-18-2013,117.42,109.33,,
06-19-2013,116.44,108.46,,
06-20-2013,114.17,105.81,,
06-21-2013,114.37,106.06,,
06-24-2013,113.22,104.65,,
06-25-2013,115.04,106.14,,
06-26-2013,114.89,105.82,,
06-27-2013,115.47,106.35,,
06-28-2013,116.59,107.45,,
07-02-2013,117.07,107.88,,
07-03-2013,116.98,107.60,,
07-04-2013,117.06,107.78,,
07-05-2013,116.55,107.56,,
07-08-2013,117.03,108.22,,
07-09-2013,118.00,109.00,,
07-10-2013,118.09,109.11,,
07-11-2013,119.77,110.77,,
07-12-2013,119.43,110.49,,
07-15-2013,120.64,111.08,,
07-16-2013,120.65,110.98,,
07-17-2013,121.35,111.44,,
07-18-2013,121.89,111.98,,
07-19-2013,122.44,112.48,,
07-22-2013,122.84,113.13,,
07-23-2013,122.80,113.09,,
07-24-2013,122.05,112.44,,
07-25-2013,122.14,112.41,,
07-26-2013,121.77,112.22,,
07-29-2013,122.06,112.45,,
07-30-2013,122.00,111.72,,
07-31-2013,121.17,110.87,,
08-01-2013,121.71,111.83,,
08-02-2013,121.74,111.91,,
08-06-2013,120.65,110.72,,
08-07-2013,120.29,110.22,,
08-08-2013,121.23,111.46,,
08-09-2013,120.74,111.37,,
08-12-2013,120.80,111.83,,
08-13-2013,121.13,112.29,,
08-14-2013,121.17,112.28,,
08-15-2013,121.95,112.86,,
08-16-2013,122.41,113.16,,
08-19-2013,121.24,111.84,,
08-20-2013,121.65,112.59,,
08-21-2013,120.75,111.75,,
08-22-2013,121.56,112.65,,
08-23-2013,122.76,113.43,,
08-26-2013,122.66,113.43,,
08-27-2013,121.68,111.94,,
08-28-2013,122.03,112.14,,
08-29-2013,122.45,113.02,,
08-30-2013,122.12,112.59,,
09-03-2013,122.97,113.36,,
09-04-2013,123.00,113.52,,
09-05-2013,123.91,114.32,,
09-06-2013,123.86,114.12,,
09-09-2013,124.27,114.42,,
09-10-2013,124.13,114.15,,
09-11-2013,124.46,114.22,,
09-12-2013,123.10,113.16,,
09-13-2013,123.32,113.36,,
09-16-2013,124.32,114.20,,
09-17-2013,124.35,114.36,,
09-18-2013,125.22,115.23,,
09-19-2013,125.35,115.19,,
09-20-2013,124.62,114.12,,
09-23-2013,124.56,114.17,,
09-24-2013,125.09,114.51,,
09-25-2013,124.83,114.44,,
09-26-2013,124.81,114.59,,
09-27-2013,124.88,114.67,,
09-30-2013,124.66,114.16,,
10-01-2013,125.05,114.76,,
10-02-2013,124.67,114.69,,
10-03-2013,123.69,113.76,,
10-04-2013,123.93,113.97,,
10-07-2013,124.18,114.23,,
10-08-2013,123.59,113.38,,
10-09-2013,123.81,113.72,,
10-10-2013,125.40,115.21,,
10-11-2013,125.34,115.19,,
10-15-2013,125.79,115.55,,
10-16-2013,125.94,115.78,,
10-17-2013,126.66,116.49,,
10-18-2013,127.79,117.38,,
10-21-2013,128.37,117.84,,
10-22-2013,128.78,118.46,,
10-23-2013,128.72,118.42,,
10-24-2013,129.41,119.15,,
10-25-2013,129.89,119.81,,
10-28-2013,129.42,119.57,,
10-29-2013,130.11,120.22,,
10-30-2013,130.20,120.40,,
10-31-2013,129.78,119.56,,
11-01-2013,129.49,119.34,,
11-04-2013,129.59,119.56,,
11-05-2013,129.17,119.56,,
11-06-2013,129.46,119.73,,
11-07-2013,128.88,118.96,,
11-08-2013,129.62,119.71,,
11-11-2013,129.37,119.54,,
11-12-2013,129.04,119.25,,
11-13-2013,128.97,119.69,,
11-14-2013,129.79,120.23,,
11-15-2013,130.47,120.71,,
11-18-2013,130.44,120.49,,
11-19-2013,130.33,120.36,,
11-20-2013,130.50,120.27,,
11-21-2013,131.28,120.69,,
11-22-2013,131.18,120.72,,
11-25-2013,131.15,120.68,,
11-26-2013,130.39,119.59,,
11-27-2013,130.51,119.76,,
11-28-2013,130.66,119.84,,
11-29-2013,131.08,120.10,,
12-02-2013,130.93,120.31,,
12-03-2013,130.14,119.42,,
12-04-2013,130.00,119.29,,
12-05-2013,129.15,118.35,,
12-06-2013,129.63,119.09,,
12-09-2013,130.23,119.40,,
12-10-2013,130.31,119.51,,
12-11-2013,128.42,117.86,,
12-12-2013,127.93,117.75,,
12-13-2013,128.03,117.86,,
12-16-2013,128.44,118.39,,
12-17-2013,128.33,118.35,,
12-18-2013,129.67,119.74,,
12-19-2013,130.27,120.26,,
12-20-2013,130.45,120.33,,
12-23-2013,130.52,120.80,,
12-24-2013,131.00,121.44,,
12-27-2013,131.49,122.18,,
12-30-2013,131.75,122.12,,
12-31-2013,132.37,122.49,,
01-02-2014,132.22,122.30,,
01-03-2014,131.72,121.95,,
01-06-2014,131.50,121.47,,
01-07-2014,131.80,122.38,,
01-08-2014,131.68,122.54,,
01-09-2014,131.40,122.68,,
01-10-2014,132.49,123.74,,
01-13-2014,132.07,123.15,,
01-14-2014,131.87,123.28,,
01-15-2014,132.42,124.00,,
01-16-2014,132.65,124.53,,
01-17-2014,132.87,125.06,,
01-20-2014,133.77,125.98,,
01-21-2014,133.31,125.64,,
01-22-2014,133.43,125.97,,
01-23-2014,132.99,125.54,,
01-24-2014,131.56,123.60,,
01-27-2014,130.50,122.38,,
01-28-2014,131.68,123.33,,
01-29-2014,131.21,122.98,,
01-30-2014,131.95,123.85,,
01-31-2014,131.88,123.49,,
02-03-2014,130.00,121.61,,
02-04-2014,130.56,121.77,,
02-05-2014,131.39,122.27,,
02-06-2014,132.57,123.66,,
02-07-2014,133.02,124.32,,
02-10-2014,132.67,124.39,,
02-11-2014,133.38,125.17,,
02-12-2014,133.54,125.38,,
02-13-2014,134.00,126.30,,
02-14-2014,134.27,126.78,,
02-18-2014,134.61,126.98,,
02-19-2014,135.37,127.38,,
02-20-2014,136.11,128.21,,
02-21-2014,136.14,128.17,,
02-24-2014,136.34,128.39,,
02-25-2014,135.88,128.04,,
02-26-2014,135.88,128.10,,
02-27-2014,136.36,128.35,,
02-28-2014,136.95,128.33,,
03-03-2014,136.72,128.37,,
03-04-2014,137.13,129.07,,
03-05-2014,136.98,129.20,,
03-06-2014,137.27,128.94,,
03-07-2014,137.66,129.20,,
03-10-2014,137.77,129.23,,
03-11-2014,137.45,128.92,,
03-12-2014,137.70,129.49,,
03-13-2014,137.11,128.86,,
03-14-2014,136.94,128.70,,
03-17-2014,137.45,128.74,,
03-18-2014,138.55,129.99,,
03-19-2014,138.36,129.67,,
03-20-2014,138.73,129.93,,
03-21-2014,139.05,129.70,,
03-24-2014,138.69,129.18,,
03-25-2014,138.85,129.38,,
03-26-2014,137.91,128.37,,
03-27-2014,138.19,128.43,,
03-28-2014,139.02,129.23,,
03-31-2014,139.73,129.91,,
04-01-2014,140.16,130.38,,
04-02-2014,140.78,131.10,,
04-03-2014,140.27,130.59,,
04-04-2014,140.52,130.50,,
04-07-2014,139.51,129.39,,
04-08-2014,140.39,130.34,,
04-09-2014,140.99,130.91,,
04-10-2014,139.86,129.76,,
04-11-2014,139.60,129.31,,
04-14-2014,139.97,129.56,,
04-15-2014,140.16,129.74,,
04-16-2014,141.34,131.03,,
04-17-2014,141.93,131.52,,
04-21-2014,141.94,131.46,,
04-22-2014,142.24,132.10,,
04-23-2014,142.10,131.90,,
04-24-2014,142.27,132.09,,
04-25-2014,141.77,131.91,,
04-28-2014,141.98,131.92,,
04-29-2014,142.66,132.44,,
04-30-2014,143.29,133.06,,
05-01-2014,142.93,133.17,,
05-02-2014,143.90,134.09,,
05-05-2014,143.15,133.47,,
05-06-2014,142.34,132.70,,
05-07-2014,142.66,133.10,,
05-08-2014,141.29,132.10,,
05-09-2014,140.91,132.01,,
05-12-2014,142.11,133.11,,
05-13-2014,142.51,133.37,,
05-14-2014,142.36,133.32,,
05-15-2014,141.35,132.56,,
05-16-2014,140.66,131.88,,
05-20-2014,140.78,132.00,,
05-21-2014,141.88,133.16,,
05-22-2014,142.65,133.64,,
05-23-2014,142.91,133.69,,
05-26-2014,143.07,133.77,,
05-27-2014,142.64,133.25,,
05-28-2014,142.27,132.89,,
05-29-2014,142.52,132.70,,
05-30-2014,142.61,132.84,,
06-02-2014,143.41,133.57,,
06-03-2014,144.25,134.06,,
06-04-2014,144.76,134.63,,
06-05-2014,144.73,134.68,,
06-06-2014,145.32,135.05,,
06-09-2014,145.85,135.35,,
06-10-2014,145.94,135.65,,
06-11-2014,145.48,135.61,,
06-12-2014,146.05,135.84,,
06-13-2014,147.13,136.68,,
06-16-2014,147.42,137.04,,
06-17-2014,147.37,137.19,,
06-18-2014,147.95,137.67,,
06-19-2014,148.04,137.71,,
06-20-2014,148.47,137.68,,
06-23-2014,148.43,137.65,,
06-24-2014,147.27,136.36,,
06-25-2014,147.28,136.50,,
06-26-2014,148.00,137.13,,
06-27-2014,148.70,137.77,,
06-30-2014,149.31,138.24,,
07-02-2014,150.01,138.83,,
07-03-2014,150.18,138.80,,
07-04-2014,150.41,138.87,,
07-07-2014,149.74,138.56,,
07-08-2014,149.30,138.23,,
07-09-2014,149.71,138.97,,
07-10-2014,148.84,138.05,,
07-11-2014,148.38,138.15,,
07-14-2014,149.25,138.57,,
07-15-2014,148.05,137.76,,
07-16-2014,149.60,139.08,,
07-17-2014,148.97,138.88,,
07-18-2014,149.55,139.45,,
07-21-2014,149.61,139.30,,
07-22-2014,150.23,139.97,,
07-23-2014,150.74,140.70,,
07-24-2014,150.70,140.70,,
07-25-2014,151.11,141.26,,
07-28-2014,150.66,141.17,,
07-29-2014,150.91,141.23,,
07-30-2014,152.05,141.98,,
07-31-2014,150.70,140.21,,
08-01-2014,149.42,139.15,,
08-05-2014,149.23,138.90,,
08-06-2014,149.36,139.03,,
08-07-2014,148.42,138.27,,
08-08-2014,149.32,138.98,,
08-11-2014,149.64,139.58,,
08-12-2014,149.56,139.70,,
08-13-2014,149.45,139.63,,
08-14-2014,149.28,139.89,,
08-15-2014,149.37,140.03,,
08-18-2014,149.33,140.34,,
08-19-2014,150.80,141.63,,
08-20-2014,151.51,142.43,,
08-21-2014,152.30,142.38,,
08-22-2014,152.14,142.20,,
08-25-2014,152.49,142.79,,
08-26-2014,152.66,142.99,,
08-27-2014,152.39,142.91,,
08-28-2014,151.98,142.51,,
08-29-2014,152.86,143.13,,
09-02-2014,152.38,143.11,,
09-03-2014,152.70,143.46,,
09-04-2014,151.60,142.72,,
09-05-2014,151.82,142.68,,
09-08-2014,150.86,142.15,,
09-09-2014,150.94,142.40,,
09-10-2014,150.52,141.84,,
09-11-2014,151.10,142.50,,
09-12-2014,151.20,142.48,,
09-15-2014,150.89,142.03,,
09-16-2014,151.15,142.29,,
09-17-2014,150.60,141.82,,
09-18-2014,150.16,141.89,,
09-19-2014,148.07,140.05,,
09-22-2014,146.62,138.80,,
09-23-2014,146.78,138.79,,
09-24-2014,147.02,138.75,,
09-25-2014,144.74,136.70,,
09-26-2014,146.06,138.03,,
09-29-2014,145.82,137.58,,
09-30-2014,145.71,137.43,,
10-01-2014,144.38,136.07,,
10-02-2014,143.96,135.66,,
10-03-2014,143.97,135.98,,
10-06-2014,143.38,135.55,,
10-07-2014,142.06,134.02,,
10-08-2014,143.09,134.85,,
10-09-2014,141.30,132.98,,
10-10-2014,139.28,130.85,,
10-14-2014,137.45,129.09,,
10-15-2014,136.06,127.56,,
10-16-2014,137.79,129.25,,
10-17-2014,139.39,130.85,,
10-20-2014,140.21,131.87,,
10-21-2014,142.09,133.80,,
10-22-2014,140.13,131.65,,
10-23-2014,141.76,133.33,,
10-24-2014,141.67,133.86,,
10-27-2014,140.49,133.17,,
10-28-2014,142.04,134.60,,
10-29-2014,141.42,133.75,,
10-30-2014,141.02,133.16,,
10-31-2014,142.55,134.59,,
11-03-2014,141.70,133.89,,
11-04-2014,140.35,132.53,,
11-05-2014,142.61,133.99,,
11-06-2014,142.93,134.13,,
11-07-2014,144.21,135.30,,
11-10-2014,144.59,135.48,,
11-11-2014,145.10,135.94,,
11-12-2014,146.25,136.86,,
11-13-2014,145.15,136.15,,
11-14-2014,146.01,136.74,,
11-17-2014,146.06,137.10,,
11-18-2014,146.44,137.96,,
11-19-2014,146.33,138.05,,
11-20-2014,147.58,138.92,,
11-21-2014,148.18,139.28,,
11-24-2014,147.42,138.42,,
11-25-2014,147.87,138.97,,
11-26-2014,147.27,138.71,,
11-27-2014,145.92,137.65,,
11-28-2014,145.27,136.01,,
12-01-2014,144.54,134.95,,
12-02-2014,144.37,134.91,,
12-03-2014,145.17,136.15,,
12-04-2014,141.94,133.52,,
12-05-2014,142.37,133.56,,
12-08-2014,139.42,130.54,,
12-09-2014,139.88,131.05,,
12-10-2014,136.65,127.91,,
12-11-2014,136.79,128.49,,
12-12-2014,135.26,126.89,,
12-15-2014,135.05,126.66,,
12-16-2014,136.56,128.10,,
12-17-2014,139.68,131.36,,
12-18-2014,140.28,132.60,,
12-19-2014,141.54,133.72,,
12-22-2014,141.20,133.39,,
12-23-2014,142.59,134.93,,
12-24-2014,142.54,135.07,,
12-29-2014,142.83,135.70,,
12-30-2014,142.36,135.48,,
12-31-2014,142.39,135.41,,
01-02-2015,143.42,136.66,,
01-05-2015,140.06,133.32,,
01-06-2015,138.69,131.97,,
01-07-2015,139.24,132.32,,
01-08-2015,140.91,133.92,,
01-09-2015,140.27,133.25,,
01-12-2015,138.98,132.14,,
01-13-2015,138.79,131.45,,
01-14-2015,137.88,130.50,,
01-15-2015,137.42,130.10,,
01-16-2015,140.02,132.60,,
01-19-2015,139.70,132.63,,
01-20-2015,139.12,132.60,,
01-21-2015,141.37,134.94,,
01-22-2015,142.79,136.91,,
01-23-2015,143.27,137.05,,
01-26-2015,143.48,137.22,,
01-27-2015,143.78,137.56,,
01-28-2015,141.38,135.46,,
01-29-2015,141.93,135.82,,
01-30-2015,142.34,136.16,,
02-02-2015,144.47,138.26,,
02-03-2015,145.89,139.77,,
02-04-2015,144.92,139.15,,
02-05-2015,146.49,140.35,,
02-06-2015,146.46,139.97,,
02-09-2015,146.92,140.12,,
02-10-2015,146.71,140.24,,
02-11-2015,147.26,140.63,,
02-12-2015,147.78,141.36,,
02-13-2015,148.12,141.70,,
02-17-2015,148.09,141.88,,
02-18-2015,147.07,141.22,,
02-19-2015,146.98,140.93,,
02-20-2015,146.90,140.86,,
02-23-2015,147.25,141.16,,
02-24-2015,146.98,140.84,,
02-25-2015,148.40,141.50,,
02-26-2015,148.73,141.63,,
02-27-2015,148.52,141.57,,
03-02-2015,151.28,141.88,,
03-03-2015,150.43,140.68,,
03-04-2015,150.04,140.20,,
03-05-2015,150.16,140.39,,
03-06-2015,148.94,139.02,,
03-09-2015,147.97,138.13,,
03-10-2015,146.13,136.16,,
03-11-2015,146.91,137.12,,
03-12-2015,147.22,137.49,,
03-13-2015,146.87,137.13,,
03-16-2015,147.72,138.36,,
03-17-2015,148.16,138.69,,
03-18-2015,148.87,139.29,,
03-19-2015,148.18,138.47,,
03-20-2015,148.92,139.11,,
03-23-2015,149.26,139.25,,
03-24-2015,150.04,140.41,,
03-25-2015,148.98,139.03,,
03-26-2015,148.46,138.49,,
03-27-2015,147.56,138.07,,
03-30-2015,148.60,138.97,,
03-31-2015,148.64,138.91,,
04-01-2015,149.21,139.29,,
04-02-2015,150.04,140.20,,
04-06-2015,150.78,140.89,,
04-07-2015,151.66,141.71,,
04-08-2015,151.62,141.95,,
04-09-2015,152.77,143.03,,
04-10-2015,153.42,143.61,,
04-13-2015,153.25,143.57,,
04-14-2015,153.33,143.63,,
04-15-2015,154.48,144.20,,
04-16-2015,153.85,143.62,,
04-17-2015,153.88,143.37,,
04-20-2015,154.28,143.86,,
04-21-2015,153.58,143.33,,
04-22-2015,153.15,142.94,,
04-23-2015,153.78,143.76,,
04-24-2015,153.97,143.91,,
04-27-2015,153.21,143.31,,
04-28-2015,153.27,143.38,,
04-29-2015,153.52,143.43,,
04-30-2015,152.83,142.28,,
05-01-2015,153.78,143.36,,
05-04-2015,153.88,143.62,,
05-05-2015,152.40,141.81,,
05-06-2015,150.99,140.41,,
05-07-2015,151.02,141.02,,
05-08-2015,152.02,141.78,,
05-11-2015,151.59,141.62,,
05-12-2015,150.76,140.60,,
05-13-2015,150.47,140.05,,
05-14-2015,150.64,140.50,,
05-15-2015,150.98,141.28,,
05-19-2015,151.32,141.42,,
05-20-2015,151.10,140.98,,
05-21-2015,152.22,142.21,,
05-22-2015,152.24,142.18,,
05-25-2015,152.24,142.08,,
05-26-2015,150.82,140.80,,
05-27-2015,151.08,141.44,,
05-28-2015,151.18,141.41,,
05-29-2015,150.42,140.55,,
06-01-2015,150.91,141.11,,
06-02-2015,151.12,141.43,,
06-03-2015,151.70,141.91,,
06-04-2015,150.55,140.64,,
06-05-2015,150.16,140.09,,
06-08-2015,148.21,138.10,,
06-09-2015,148.94,138.80,,
06-10-2015,149.55,139.50,,
06-11-2015,149.26,139.05,,
06-12-2015,148.37,138.22,,
06-15-2015,148.32,138.36,,
06-16-2015,148.61,138.34,,
06-17-2015,148.34,138.15,,
06-18-2015,148.61,138.52,,
06-19-2015,147.48,137.42,,
06-22-2015,148.41,138.71,,
06-23-2015,149.43,139.79,,
06-24-2015,149.62,140.19,,
06-25-2015,149.06,139.75,,
06-26-2015,148.34,139.03,,
06-29-2015,145.41,136.05,,
06-30-2015,146.01,136.64,,
07-02-2015,146.80,137.44,,
07-03-2015,147.28,137.92,,
07-06-2015,146.46,137.08,,
07-07-2015,146.87,137.44,,
07-08-2015,144.95,135.48,,
07-09-2015,144.04,134.22,,
07-10-2015,145.21,135.47,,
07-13-2015,145.93,136.62,,
07-14-2015,146.67,137.25,,
07-15-2015,147.27,137.84,,
07-16-2015,147.91,138.49,,
07-17-2015,147.13,137.66,,
07-20-2015,145.48,135.62,,
07-21-2015,145.24,135.16,,
07-22-2015,144.72,134.52,,
07-23-2015,144.79,134.21,,
07-24-2015,143.70,133.47,,
07-27-2015,141.85,131.73,,
07-28-2015,142.66,132.44,,
07-29-2015,144.85,134.64,,
07-30-2015,146.33,135.40,,
07-31-2015,147.03,136.21,,
08-04-2015,147.36,136.42,,
08-05-2015,147.66,136.54,,
08-06-2015,147.04,135.62,,
08-07-2015,146.32,134.65,,
08-10-2015,147.97,136.20,,
08-11-2015,147.62,135.71,,
08-12-2015,146.67,135.04,,
08-13-2015,145.80,134.09,,
08-14-2015,146.07,134.49,,
08-17-2015,145.69,134.25,,
08-18-2015,145.53,133.72,,
08-19-2015,143.93,132.25,,
08-20-2015,141.05,129.43,,
08-21-2015,138.70,126.96,,
08-24-2015,135.31,123.01,,
08-25-2015,136.66,123.94,,
08-26-2015,138.97,126.14,,
08-27-2015,142.36,129.82,,
08-28-2015,143.14,130.76,,
08-31-2015,143.49,130.71,,
09-01-2015,140.13,127.16,,
09-02-2015,140.67,127.79,,
09-03-2015,141.15,128.27,,
09-04-2015,140.12,127.19,,
09-08-2015,141.43,128.65,,
09-09-2015,140.77,127.75,,
09-10-2015,141.20,128.11,,
09-11-2015,140.14,127.17,,
09-14-2015,139.34,126.16,,
09-15-2015,140.68,127.20,,
09-16-2015,143.36,130.04,,
09-17-2015,143.75,130.26,,
09-18-2015,142.17,128.94,,
09-21-2015,143.16,130.20,,
09-22-2015,140.97,127.47,,
09-23-2015,140.03,126.47,,
09-24-2015,139.63,126.09,,
09-25-2015,139.87,126.47,,
09-28-2015,136.84,123.04,,
09-29-2015,137.25,123.35,,
09-30-2015,139.79,125.91,,
10-01-2015,139.67,125.29,,
10-02-2015,140.01,126.35,,
10-05-2015,141.27,128.37,,
10-06-2015,142.00,129.27,,
10-07-2015,144.05,131.36,,
10-08-2015,145.21,132.44,,
10-09-2015,144.92,132.30,,
10-13-2015,143.95,131.18,,
10-14-2015,144.36,131.47,,
10-15-2015,143.85,131.03,,
10-16-2015,144.15,131.12,,
10-19-2015,143.25,130.36,,
10-20-2015,143.68,131.16,,
10-21-2015,142.19,129.86,,
10-22-2015,143.47,131.60,,
10-23-2015,144.18,132.31,,
10-26-2015,142.63,130.77,,
10-27-2015,141.99,129.90,,
10-28-2015,144.01,131.49,,
10-29-2015,143.46,130.86,,
10-30-2015,141.02,128.37,,
11-02-2015,141.88,129.26,,
11-03-2015,142.80,130.09,,
11-04-2015,142.57,129.64,,
11-05-2015,141.69,128.66,,
11-06-2015,141.86,128.61,,
11-09-2015,141.30,127.94,,
11-10-2015,140.75,127.27,,
11-11-2015,139.87,126.61,,
11-12-2015,137.94,124.60,,
11-13-2015,137.73,124.11,,
11-16-2015,140.18,126.42,,
11-17-2015,140.04,126.08,,
11-18-2015,140.86,127.22,,
11-19-2015,141.56,127.93,,
11-20-2015,141.24,127.58,,
11-23-2015,140.84,127.12,,
11-24-2015,141.16,127.36,,
11-25-2015,141.10,127.34,,
11-26-2015,141.45,127.61,,
11-27-2015,140.93,127.08,,
11-30-2015,141.89,128.08,,
12-01-2015,143.35,129.67,,
12-02-2015,141.81,128.03,,
12-03-2015,140.72,126.71,,
12-04-2015,140.89,127.04,,
12-07-2015,138.11,124.03,,
12-08-2015,137.08,122.92,,
12-09-2015,137.26,123.11,,
12-10-2015,137.65,123.87,,
12-11-2015,135.70,121.79,,
12-14-2015,134.97,120.90,,
12-15-2015,137.22,123.04,,
12-16-2015,139.01,125.39,,
12-17-2015,137.83,123.92,,
12-18-2015,138.10,124.06,,
12-21-2015,138.54,124.16,,
12-22-2015,138.62,124.62,,
12-23-2015,140.56,126.58,,
12-24-2015,140.80,126.82,,
12-29-2015,140.28,126.33,,
12-30-2015,139.22,125.35,,
12-31-2015,138.02,124.15,,
01-04-2016,137.21,123.36,,
01-05-2016,137.35,123.29,,
01-06-2016,135.67,121.52,,
01-07-2016,132.88,118.86,,
01-08-2016,132.87,118.83,,
01-11-2016,131.43,117.63,,
01-12-2016,131.52,118.19,,
01-13-2016,129.98,116.25,,
01-14-2016,131.37,117.83,,
01-15-2016,128.68,115.32,,
01-18-2016,127.73,114.09,,
01-19-2016,127.99,114.67,,
01-20-2016,126.52,113.16,,
01-21-2016,128.47,115.00,,
01-22-2016,131.46,118.47,,
01-25-2016,129.30,116.12,,
01-26-2016,130.98,117.92,,
01-27-2016,131.55,118.40,,
01-28-2016,134.06,120.49,,
01-29-2016,135.83,122.70,,
02-01-2016,134.40,121.28,,
02-02-2016,132.24,119.06,,
02-03-2016,133.10,120.51,,
02-04-2016,134.63,122.25,,
02-05-2016,134.44,122.14,,
02-08-2016,132.60,119.96,,
02-09-2016,129.46,117.54,,
02-10-2016,128.95,116.62,,
02-11-2016,127.35,115.71,,
02-12-2016,130.01,118.54,,
02-16-2016,131.78,120.20,,
02-17-2016,135.35,123.19,,
02-18-2016,135.95,123.81,,
02-19-2016,135.36,122.70,,
02-22-2016,136.04,123.03,,
02-23-2016,135.06,122.25,,
02-24-2016,134.62,122.03,,
02-25-2016,135.04,122.22,,
02-26-2016,135.74,122.65,,
02-29-2016,136.59,123.27,,
03-01-2016,138.61,124.45,,
03-02-2016,138.96,124.83,,
03-03-2016,139.86,125.85,,
03-04-2016,141.08,126.70,,
03-07-2016,142.48,128.34,,
03-08-2016,142.05,127.69,,
03-09-2016,142.77,128.51,,
03-10-2016,142.78,128.38,,
03-11-2016,144.07,129.82,,
03-14-2016,143.62,129.40,,
03-15-2016,143.83,128.68,,
03-16-2016,144.52,129.45,,
03-17-2016,146.19,130.82,,
03-18-2016,145.20,129.64,,
03-21-2016,145.86,130.25,,
03-22-2016,145.25,129.61,,
03-23-2016,143.99,128.57,,
03-24-2016,143.55,128.36,,
03-28-2016,144.03,128.67,,
03-29-2016,144.15,129.13,,
03-30-2016,144.94,129.88,,
03-31-2016,144.54,129.79,,
04-01-2016,143.95,129.33,,
04-04-2016,143.36,128.33,,
04-05-2016,143.08,128.03,,
04-06-2016,143.52,128.52,,
04-07-2016,142.29,127.74,,
04-08-2016,143.17,129.02,,
04-11-2016,143.75,129.27,,
04-12-2016,145.56,130.80,,
04-13-2016,146.40,131.67,,
04-14-2016,146.36,131.64,,
04-15-2016,146.07,131.34,,
04-18-2016,146.76,132.14,,
04-19-2016,148.42,133.56,,
04-20-2016,149.05,133.99,,
04-21-2016,148.62,133.80,,
04-22-2016,148.58,133.73,,
04-25-2016,147.84,132.98,,
04-26-2016,147.98,133.11,,
04-27-2016,148.47,133.89,,
04-28-2016,148.14,133.93,,
04-29-2016,148.35,134.56,,
05-02-2016,147.51,133.73,,
05-03-2016,146.26,132.21,,
05-04-2016,145.82,131.48,,
05-05-2016,145.84,131.48,,
05-06-2016,146.30,132.15,,
05-09-2016,145.29,130.82,,
05-10-2016,146.94,132.86,,
05-11-2016,147.38,132.99,,
05-12-2016,147.50,133.03,,
05-13-2016,146.72,132.68,,
05-16-2016,147.86,134.09,,
05-17-2016,147.97,134.34,,
05-18-2016,147.73,133.47,,
05-19-2016,147.33,133.40,,
05-20-2016,148.22,134.39,,
05-24-2016,149.11,134.71,,
05-25-2016,150.28,135.70,,
05-26-2016,150.45,135.65,,
05-27-2016,150.95,136.25,,
05-30-2016,150.78,136.09,,
05-31-2016,150.25,135.90,,
06-01-2016,149.88,135.91,,
06-02-2016,150.56,136.63,,
06-03-2016,150.75,137.49,,
06-06-2016,151.17,137.97,,
06-07-2016,152.20,138.87,,
06-08-2016,151.97,138.40,,
06-09-2016,150.99,137.69,,
06-10-2016,149.10,135.73,,
06-13-2016,148.82,135.38,,
06-14-2016,147.77,134.34,,
06-15-2016,148.04,134.74,,
06-16-2016,148.04,134.36,,
06-17-2016,148.17,134.55,,
06-20-2016,149.58,135.66,,
06-21-2016,149.69,135.63,,
06-22-2016,149.31,135.56,,
06-23-2016,150.87,136.79,,
06-24-2016,148.00,134.51,,
06-27-2016,145.78,132.56,,
06-28-2016,147.42,134.14,,
06-29-2016,149.30,136.03,,
06-30-2016,149.60,136.36,,
07-04-2016,150.95,138.25,,
07-05-2016,150.43,137.87,,
07-06-2016,150.06,138.06,,
07-07-2016,149.51,137.12,,
07-08-2016,150.59,138.36,,
07-11-2016,151.35,139.35,,
07-12-2016,152.90,140.47,,
07-13-2016,152.86,140.63,,
07-14-2016,153.01,140.83,,
07-15-2016,152.89,140.52,,
07-18-2016,153.36,141.01,,
07-19-2016,153.25,140.94,,
07-20-2016,153.82,141.04,,
07-21-2016,153.76,141.36,,
07-22-2016,154.06,141.79,,
07-25-2016,153.08,140.79,,
07-26-2016,153.50,141.29,,
07-27-2016,153.31,141.33,,
07-28-2016,153.11,141.40,,
07-29-2016,153.20,141.69,,
08-02-2016,152.05,140.66,,
08-03-2016,152.64,141.00,,
08-04-2016,152.76,141.17,,
08-05-2016,154.17,142.33,,
08-08-2016,155.18,143.37,,
08-09-2016,155.70,143.82,,
08-10-2016,155.48,143.56,,
08-11-2016,155.49,143.81,,
08-12-2016,155.01,143.37,,
08-15-2016,155.43,143.66,,
08-16-2016,155.10,142.96,,
08-17-2016,155.04,142.91,,
08-18-2016,154.87,142.90,,
08-19-2016,154.98,142.82,,
08-22-2016,155.20,143.42,,
08-23-2016,155.46,143.59,,
08-24-2016,155.17,142.25,,
08-25-2016,155.10,142.30,,
08-26-2016,155.18,142.38,,
08-29-2016,155.72,142.87,,
08-30-2016,156.00,142.90,,
08-31-2016,155.16,142.07,,
09-01-2016,155.67,142.95,,
09-02-2016,156.39,144.04,,
09-06-2016,156.50,144.21,,
09-07-2016,156.32,144.12,,
09-08-2016,156.15,144.18,,
09-09-2016,153.96,141.62,,
09-12-2016,154.34,142.18,,
09-13-2016,153.20,139.84,,
09-14-2016,153.29,140.04,,
09-15-2016,154.69,141.38,,
09-16-2016,154.08,140.86,,
09-19-2016,154.51,141.30,,
09-20-2016,154.91,141.56,,
09-21-2016,156.81,143.41,,
09-22-2016,157.61,144.27,,
09-23-2016,156.69,143.30,,
09-26-2016,155.77,142.57,,
09-27-2016,155.10,141.97,,
09-28-2016,157.30,143.79,,
09-29-2016,157.48,144.01,,
09-30-2016,157.17,143.80,,
10-03-2016,156.97,143.44,,
10-04-2016,156.00,141.80,,
10-05-2016,157.04,142.75,,
10-06-2016,157.15,142.61,,
10-07-2016,156.80,142.33,,
10-11-2016,156.80,142.17,,
10-12-2016,157.05,142.85,,
10-13-2016,157.36,143.09,,
10-14-2016,157.07,142.52,,
10-17-2016,157.43,142.63,,
10-18-2016,158.98,144.15,,
10-19-2016,159.75,145.02,,
10-20-2016,160.07,145.10,,
10-21-2016,161.16,146.00,,
10-24-2016,160.79,145.93,,
10-25-2016,160.11,145.42,,
10-26-2016,159.07,144.80,,
10-27-2016,159.64,145.09,,
10-28-2016,159.16,144.67,,
10-31-2016,159.06,144.69,,
11-01-2016,158.90,144.60,,
11-02-2016,157.23,142.80,,
11-03-2016,157.26,142.70,,
11-04-2016,156.15,141.97,,
11-07-2016,157.58,143.38,,
11-08-2016,157.73,143.42,,
11-09-2016,159.20,144.43,,
11-10-2016,160.22,144.32,,
11-11-2016,159.48,142.47,,
11-14-2016,160.59,142.89,,
11-15-2016,161.82,144.45,,
11-16-2016,161.82,144.25,,
11-17-2016,162.63,145.16,,
11-18-2016,163.41,145.56,,
11-21-2016,165.51,147.29,,
11-22-2016,165.96,147.88,,
11-23-2016,166.15,147.71,,
11-24-2016,165.99,147.65,,
11-25-2016,165.54,147.66,,
11-28-2016,164.48,147.14,,
11-29-2016,164.33,147.00,,
11-30-2016,166.31,147.86,,
12-01-2016,166.09,147.32,,
12-02-2016,166.06,147.57,,
12-05-2016,166.60,147.99,,
12-06-2016,166.42,148.30,,
12-07-2016,166.70,149.47,,
12-08-2016,167.69,150.05,,
12-09-2016,168.02,150.21,,
12-12-2016,167.78,149.98,,
12-13-2016,168.50,151.01,,
12-14-2016,166.66,149.18,,
12-15-2016,166.76,149.38,,
12-16-2016,166.56,149.72,,
12-19-2016,166.58,149.89,,
12-20-2016,166.99,150.13,,
12-21-2016,166.68,150.25,,
12-22-2016,167.11,150.59,,
12-23-2016,166.89,150.52,,
12-28-2016,167.75,150.98,,
12-29-2016,167.98,151.64,,
12-30-2016,167.17,150.32,,
01-03-2017,168.49,151.46,,
01-04-2017,169.33,152.58,,
01-05-2017,169.36,153.26,,
01-06-2017,168.25,152.45,,
01-09-2017,166.08,151.40,,
01-10-2017,166.50,151.77,,
01-11-2017,166.99,152.42,,
01-12-2017,165.90,151.70,,
01-13-2017,166.86,152.48,,
01-16-2017,166.82,152.30,,
01-17-2017,166.59,151.95,,
01-18-2017,166.61,151.52,,
01-19-2017,166.54,151.65,,
01-20-2017,167.77,153.01,,
01-23-2017,166.63,152.35,,
01-24-2017,167.71,153.73,,
01-25-2017,168.54,154.05,,
01-26-2017,168.45,153.77,,
01-27-2017,168.55,153.42,,
01-30-2017,166.68,151.79,,
01-31-2017,166.48,151.60,,
02-01-2017,166.74,151.76,,
02-02-2017,166.84,151.73,,
02-03-2017,167.47,152.49,,
02-06-2017,166.66,152.30,,
02-07-2017,166.81,152.71,,
02-08-2017,167.63,153.26,,
02-09-2017,168.31,153.88,,
02-10-2017,169.38,154.99,,
02-13-2017,169.50,155.31,,
02-14-2017,170.14,155.61,,
02-15-2017,170.87,156.19,,
02-16-2017,171.11,156.38,,
02-17-2017,170.70,156.16,,
02-21-2017,171.87,157.00,,
02-22-2017,170.48,156.10,,
02-23-2017,170.34,155.62,,
02-24-2017,167.35,153.24,,
02-27-2017,166.51,152.55,,
02-28-2017,166.12,151.92,,
03-01-2017,166.90,153.97,,
03-02-2017,166.47,153.35,,
03-03-2017,167.75,154.07,,
03-06-2017,167.77,154.28,,
03-07-2017,167.05,154.08,,
03-08-2017,165.48,153.04,,
03-09-2017,166.53,153.05,,
03-10-2017,165.85,153.15,,
03-13-2017,166.79,153.60,,
03-14-2017,165.71,151.98,,
03-15-2017,167.23,153.41,,
03-16-2017,167.69,153.82,,
03-17-2017,167.30,153.11,,
03-20-2017,166.86,152.64,,
03-21-2017,164.57,151.37,,
03-22-2017,164.71,151.72,,
03-23-2017,165.42,152.58,,
03-24-2017,165.70,152.71,,
03-27-2017,165.94,153.34,,
03-28-2017,166.73,154.25,,
03-29-2017,167.85,154.97,,
03-30-2017,167.60,154.19,,
03-31-2017,167.61,153.95,,
04-03-2017,168.42,154.32,,
04-04-2017,169.52,155.15,,
04-05-2017,169.08,154.90,,
04-06-2017,169.26,155.52,,
04-07-2017,168.93,155.23,,
04-10-2017,170.05,155.86,,
04-11-2017,169.92,155.83,,
04-12-2017,168.98,155.05,,
04-13-2017,168.01,153.93,,
04-17-2017,169.86,155.41,,
04-18-2017,169.31,154.79,,
04-19-2017,168.41,154.11,,
04-20-2017,168.92,154.83,,
04-21-2017,168.94,154.82,,
04-24-2017,169.81,155.80,,
04-25-2017,170.76,156.12,,
04-26-2017,170.08,155.20,,
04-27-2017,167.98,153.84,,
04-28-2017,168.71,154.63,,
05-01-2017,168.91,154.52,,
05-02-2017,168.96,154.96,,
05-03-2017,168.32,154.20,,
05-04-2017,166.62,152.75,,
05-05-2017,168.96,154.59,,
05-08-2017,169.84,155.29,,
05-09-2017,168.69,154.47,,
05-10-2017,170.03,155.10,,
05-11-2017,169.14,154.36,,
05-12-2017,168.64,154.27,,
05-15-2017,169.82,155.18,,
05-16-2017,169.42,154.34,,
05-17-2017,166.67,151.68,,
05-18-2017,166.97,151.73,,
05-19-2017,168.90,153.53,,
05-23-2017,169.09,153.72,,
05-24-2017,168.84,153.17,,
05-25-2017,168.36,153.09,,
05-26-2017,168.26,153.15,,
05-29-2017,168.09,153.28,,
05-30-2017,167.58,152.79,,
05-31-2017,167.45,152.58,,
06-01-2017,168.41,153.81,,
06-02-2017,167.87,153.54,,
06-05-2017,167.72,153.21,,
06-06-2017,168.50,153.76,,
06-07-2017,167.36,152.90,,
06-08-2017,168.20,153.42,,
06-09-2017,169.20,153.92,,
06-12-2017,168.40,153.03,,
06-13-2017,168.47,153.08,,
06-14-2017,165.85,151.03,,
06-15-2017,165.49,150.93,,
06-16-2017,164.87,151.25,,
06-19-2017,165.13,151.98,,
06-20-2017,164.65,150.83,,
06-21-2017,164.52,150.82,,
06-22-2017,164.86,151.55,,
06-23-2017,165.89,152.54,,
06-26-2017,165.55,152.55,,
06-27-2017,165.87,152.20,,
06-28-2017,166.94,153.09,,
06-29-2017,166.33,151.74,,
06-30-2017,165.95,151.43,,
07-04-2017,165.61,150.91,,
07-05-2017,165.75,151.14,,
07-06-2017,164.69,150.47,,
07-07-2017,164.29,149.96,,
07-10-2017,164.63,150.74,,
07-11-2017,165.08,151.18,,
07-12-2017,164.86,151.13,,
07-13-2017,164.91,151.05,,
07-14-2017,165.02,151.45,,
07-17-2017,164.96,151.35,,
07-18-2017,164.98,151.19,,
07-19-2017,166.00,152.15,,
07-20-2017,166.07,152.35,,
07-21-2017,165.31,151.55,,
07-24-2017,164.97,151.10,,
07-25-2017,165.73,151.83,,
07-26-2017,165.65,151.53,,
07-27-2017,165.91,151.76,,
07-28-2017,165.45,151.18,,
07-31-2017,165.70,151.34,,
08-01-2017,165.69,151.92,,
08-02-2017,166.32,152.55,,
08-03-2017,164.74,151.82,,
08-04-2017,165.38,152.48,,
08-08-2017,165.29,152.47,,
08-09-2017,164.98,152.08,,
08-10-2017,163.20,150.65,,
08-11-2017,163.10,150.32,,
08-14-2017,163.53,151.18,,
08-15-2017,163.23,150.98,,
08-16-2017,163.02,150.82,,
08-17-2017,162.56,150.35,,
08-18-2017,161.68,149.57,,
08-21-2017,161.70,149.57,,
08-22-2017,161.79,149.90,,
08-23-2017,161.96,150.71,,
08-24-2017,162.54,150.84,,
08-25-2017,162.46,150.64,,
08-28-2017,162.41,150.62,,
08-29-2017,163.15,150.98,,
08-30-2017,163.41,151.51,,
08-31-2017,164.53,152.35,,
09-01-2017,164.24,152.14,,
09-05-2017,163.50,151.13,,
09-06-2017,163.53,150.82,,
09-07-2017,162.63,150.53,,
09-08-2017,162.09,150.14,,
09-11-2017,162.70,150.69,,
09-12-2017,163.65,151.73,,
09-13-2017,163.93,151.57,,
09-14-2017,164.33,152.15,,
09-15-2017,164.06,152.16,,
09-18-2017,164.43,152.79,,
09-19-2017,165.00,153.36,,
09-20-2017,166.38,154.33,,
09-21-2017,167.48,154.99,,
09-22-2017,167.69,155.01,,
09-25-2017,168.50,155.63,,
09-26-2017,168.15,155.21,,
09-27-2017,169.81,156.61,,
09-28-2017,169.62,156.83,,
09-29-2017,169.31,157.01,,
10-02-2017,170.10,157.78,,
10-03-2017,170.42,158.02,,
10-04-2017,170.47,157.94,,
10-05-2017,170.88,158.58,,
10-06-2017,170.19,158.10,,
10-10-2017,170.81,158.52,,
10-11-2017,171.06,158.82,,
10-12-2017,170.56,158.24,,
10-13-2017,171.29,158.90,,
10-16-2017,171.27,158.85,,
10-17-2017,170.69,158.99,,
10-18-2017,170.53,158.65,,
10-19-2017,171.26,159.01,,
10-20-2017,171.50,159.41,,
10-23-2017,171.63,159.39,,
10-24-2017,172.15,159.90,,
10-25-2017,171.64,159.49,,
10-26-2017,172.01,159.86,,
10-27-2017,173.23,160.48,,
10-30-2017,174.00,161.01,,
10-31-2017,174.63,161.30,,
11-01-2017,174.74,161.33,,
11-02-2017,174.79,161.19,,
11-03-2017,174.81,161.24,,
11-06-2017,176.14,161.97,,
11-07-2017,176.04,162.37,,
11-08-2017,175.66,162.11,,
11-09-2017,176.18,161.87,,
11-10-2017,175.47,161.44,,
11-13-2017,174.83,161.31,,
11-14-2017,173.81,160.25,,
11-15-2017,173.40,159.92,,
11-16-2017,173.43,160.49,,
11-17-2017,173.87,161.14,,
11-20-2017,173.74,161.23,,
11-21-2017,174.21,161.97,,
11-22-2017,174.05,161.94,,
11-23-2017,174.09,161.97,,
11-24-2017,174.46,162.31,,
11-27-2017,173.75,161.65,,
11-28-2017,173.49,161.55,,
11-29-2017,173.24,160.99,,
11-30-2017,173.95,162.06,,
12-01-2017,174.26,161.77,,
12-04-2017,174.15,161.07,,
12-05-2017,173.52,160.53,,
12-06-2017,173.39,160.47,,
12-07-2017,174.31,161.58,,
12-08-2017,175.21,162.43,,
12-11-2017,175.12,162.53,,
12-12-2017,174.60,162.64,,
12-13-2017,174.36,162.87,,
12-14-2017,173.24,161.76,,
12-15-2017,172.87,162.02,,
12-18-2017,173.83,162.92,,
12-19-2017,174.30,162.94,,
12-20-2017,174.86,163.21,,
12-21-2017,175.76,163.45,,
12-22-2017,175.58,163.29,,
12-27-2017,175.79,163.71,,
12-28-2017,176.23,164.05,,
12-29-2017,176.24,163.99,,
01-02-2018,176.81,165.01,,
01-03-2018,177.62,165.64,,
01-04-2018,177.81,166.06,,
01-05-2018,176.69,165.42,,
01-08-2018,176.36,165.09,,
01-09-2018,176.71,165.19,,
01-10-2018,175.73,164.47,,
01-11-2018,176.26,164.86,,
01-12-2018,176.47,165.09,,
01-15-2018,177.09,165.73,,
01-16-2018,176.11,164.99,,
01-17-2018,176.07,165.30,,
01-18-2018,175.38,164.87,,
01-19-2018,176.25,165.58,,
01-22-2018,176.02,165.52,,
01-23-2018,176.33,165.62,,
01-24-2018,175.78,164.98,,
01-25-2018,175.24,164.17,,
01-26-2018,175.38,164.53,,
01-29-2018,174.22,163.06,,
01-30-2018,173.09,161.69,,
01-31-2018,173.27,161.71,,
02-01-2018,172.16,160.79,,
02-02-2018,169.79,158.20,,
02-05-2018,166.90,155.45,,
02-06-2018,167.03,155.75,,
02-07-2018,166.12,155.41,,
02-08-2018,163.67,152.73,,
02-09-2018,163.52,152.41,,
02-12-2018,165.31,154.52,,
02-13-2018,164.83,154.26,,
02-14-2018,166.02,155.50,,
02-15-2018,166.35,156.30,,
02-16-2018,166.84,156.76,,
02-20-2018,166.62,156.66,,
02-21-2018,167.73,157.53,,
02-22-2018,168.03,157.38,,
02-23-2018,169.75,158.71,,
02-26-2018,170.25,159.48,,
02-27-2018,170.46,159.11,,
02-28-2018,167.61,156.83,,
03-01-2018,167.83,156.35,,
03-02-2018,167.69,156.30,,
03-05-2018,169.14,157.89,,
03-06-2018,169.22,157.93,,
03-07-2018,168.87,157.24,,
03-08-2018,168.88,157.94,,
03-09-2018,169.29,158.35,,
03-12-2018,169.36,158.63,,
03-13-2018,169.44,159.07,,
03-14-2018,168.77,159.23,,
03-15-2018,169.10,159.44,,
03-16-2018,169.76,159.85,,
03-19-2018,169.00,158.62,,
03-20-2018,169.69,158.89,,
03-21-2018,170.43,159.50,,
03-22-2018,168.02,156.71,,
03-23-2018,166.30,154.94,,
03-26-2018,166.80,155.70,,
03-27-2018,166.42,154.90,,
03-28-2018,165.80,154.57,,
03-29-2018,167.81,156.58,,
04-02-2018,166.53,155.09,,
04-03-2018,167.15,154.76,,
04-04-2018,166.57,154.59,,
04-05-2018,168.48,156.55,,
04-06-2018,167.16,155.04,,
04-09-2018,166.86,155.34,,
04-10-2018,167.40,155.69,,
04-11-2018,167.75,155.64,,
04-12-2018,168.10,155.77,,
04-13-2018,168.59,155.82,,
04-16-2018,168.52,156.09,,
04-17-2018,168.92,156.63,,
04-18-2018,170.83,158.43,,
04-19-2018,170.43,157.66,,
04-20-2018,170.51,157.97,,
04-23-2018,171.56,158.66,,
04-24-2018,171.17,158.01,,
04-25-2018,171.98,158.34,,
04-26-2018,173.19,159.65,,
04-27-2018,172.43,160.00,,
04-30-2018,172.24,159.43,,
05-01-2018,172.46,159.55,,
05-02-2018,172.52,159.64,,
05-03-2018,171.80,159.58,,
05-04-2018,172.99,160.68,,
05-07-2018,173.36,161.49,,
05-08-2018,173.13,161.84,,
05-09-2018,174.47,162.54,,
05-10-2018,175.66,163.03,,
05-11-2018,175.44,163.28,,
05-14-2018,176.08,164.45,,
05-15-2018,176.31,164.58,,
05-16-2018,176.85,164.70,,
05-17-2018,177.80,165.08,,
05-18-2018,177.75,165.28,,
05-22-2018,177.35,165.10,,
05-23-2018,176.68,164.99,,
05-24-2018,175.99,164.82,,
05-25-2018,175.36,164.43,,
05-28-2018,174.81,163.82,,
05-29-2018,173.59,162.89,,
05-30-2018,174.80,164.25,,
05-31-2018,175.30,164.40,,
06-01-2018,172.89,164.26,,
06-04-2018,174.52,164.35,,
06-05-2018,174.71,165.07,,
06-06-2018,174.61,165.70,,
06-07-2018,174.91,165.86,,
06-08-2018,174.85,165.97,,
06-11-2018,174.86,166.60,,
06-12-2018,174.90,166.86,,
06-13-2018,174.43,166.63,,
06-14-2018,174.53,167.40,,
06-15-2018,173.62,167.25,,
06-18-2018,174.44,167.96,,
06-19-2018,173.82,167.27,,
06-20-2018,173.93,168.34,,
06-21-2018,173.25,167.47,,
06-22-2018,175.47,168.66,,
06-25-2018,173.40,165.95,,
06-26-2018,174.58,166.93,,
06-27-2018,175.03,166.48,,
06-28-2018,174.36,166.10,,
06-29-2018,175.06,167.18,,
07-03-2018,175.40,167.04,,
07-04-2018,175.73,167.46,,
07-05-2018,175.04,167.07,,
07-06-2018,176.37,168.15,,
07-09-2018,176.99,169.07,,
07-10-2018,178.08,170.06,,
07-11-2018,176.81,168.71,,
07-12-2018,177.81,170.26,,
07-13-2018,178.30,170.20,,
07-16-2018,177.59,169.52,,
07-17-2018,178.15,169.77,,
07-18-2018,178.23,169.34,,
07-19-2018,178.07,170.02,,
07-20-2018,177.25,168.92,,
07-23-2018,176.77,168.77,,
07-24-2018,176.80,168.46,,
07-25-2018,177.14,168.88,,
07-26-2018,177.56,169.24,,
07-27-2018,177.27,168.60,,
07-30-2018,177.25,168.14,,
07-31-2018,178.43,169.11,,
08-01-2018,178.23,168.52,,
08-02-2018,177.53,168.85,,
08-03-2018,176.99,168.97,,
08-07-2018,175.59,167.59,,
08-08-2018,175.61,167.89,,
08-09-2018,176.90,168.94,,
08-10-2018,176.22,168.01,,
08-13-2018,175.66,167.23,,
08-14-2018,176.67,168.14,,
08-15-2018,174.42,166.28,,
08-16-2018,174.59,167.08,,
08-17-2018,175.33,168.09,,
08-20-2018,175.55,168.21,,
08-21-2018,175.79,167.87,,
08-22-2018,176.44,168.39,,
08-23-2018,176.10,168.19,,
08-24-2018,176.50,168.50,,
08-27-2018,177.65,169.41,,
08-28-2018,176.80,168.53,,
08-29-2018,177.32,168.88,,
08-30-2018,176.74,168.79,,
08-31-2018,175.35,167.72,,
09-04-2018,173.88,166.68,,
09-05-2018,173.25,166.43,,
09-06-2018,172.62,166.11,,
09-07-2018,172.49,166.02,,
09-10-2018,172.35,165.68,,
09-11-2018,172.10,166.07,,
09-12-2018,171.39,165.60,,
09-13-2018,171.64,165.25,,
09-14-2018,171.65,165.38,,
09-17-2018,171.85,166.09,,
09-18-2018,173.30,167.26,,
09-19-2018,173.18,166.78,,
09-20-2018,173.41,167.46,,
09-21-2018,173.44,167.58,,
09-24-2018,173.80,167.41,,
09-25-2018,173.47,166.92,,
09-26-2018,173.57,167.02,,
09-27-2018,174.27,167.58,,
09-28-2018,172.90,166.23,,
10-01-2018,173.57,166.63,,
10-02-2018,172.13,165.73,,
10-03-2018,172.67,166.30,,
10-04-2018,171.55,165.62,,
10-05-2018,170.73,164.99,,
10-09-2018,169.66,164.13,,
10-10-2018,166.24,160.65,,
10-11-2018,163.88,158.57,,
10-12-2018,164.06,159.59,,
10-15-2018,163.22,159.54,,
10-16-2018,164.73,161.30,,
10-17-2018,164.38,160.78,,
10-18-2018,163.14,159.48,,
10-19-2018,164.03,160.17,,
10-22-2018,163.92,159.58,,
10-23-2018,163.03,158.26,,
10-24-2018,159.99,154.48,,
10-25-2018,160.06,154.64,,
10-26-2018,159.71,154.27,,
10-29-2018,158.40,152.54,,
10-30-2018,160.55,154.37,,
10-31-2018,161.06,155.80,,
11-01-2018,162.18,157.07,,
11-02-2018,162.09,156.75,,
11-05-2018,162.96,157.77,,
11-06-2018,164.44,158.55,,
11-07-2018,164.34,159.35,,
11-08-2018,165.07,159.23,,
11-09-2018,164.33,158.37,,
11-12-2018,163.04,157.15,,
11-13-2018,162.76,156.89,,
11-14-2018,162.76,157.01,,
11-15-2018,162.12,157.14,,
11-16-2018,162.40,157.25,,
11-19-2018,162.12,156.43,,
11-20-2018,159.71,154.41,,
11-21-2018,162.03,156.69,,
11-22-2018,162.15,156.67,,
11-23-2018,161.18,155.84,,
11-26-2018,161.28,155.86,,
11-27-2018,160.37,155.18,,
11-28-2018,162.08,157.54,,
11-29-2018,162.42,157.86,,
11-30-2018,162.51,157.96,,
12-03-2018,164.12,158.76,,
12-04-2018,162.09,156.57,,
12-05-2018,163.55,157.81,,
12-06-2018,160.11,155.29,,
12-07-2018,159.38,153.86,,
12-10-2018,158.62,153.20,,
12-11-2018,157.67,152.58,,
12-12-2018,158.90,153.78,,
12-13-2018,158.57,153.53,,
12-14-2018,157.21,151.93,,
12-17-2018,154.81,149.51,,
12-18-2018,155.09,150.07,,
12-19-2018,153.72,148.48,,
12-20-2018,153.29,147.22,,
12-21-2018,151.01,145.07,,
12-24-2018,149.46,143.46,,
12-27-2018,153.31,147.53,,
12-28-2018,154.23,148.29,,
12-31-2018,155.24,149.42,,
01-02-2019,156.19,149.67,,
01-03-2019,155.45,148.27,,
01-04-2019,157.20,150.51,,
01-07-2019,157.46,151.31,,
01-08-2019,158.04,152.37,,
01-09-2019,159.50,154.54,,
01-10-2019,160.57,155.57,,
01-11-2019,160.76,155.95,,
01-14-2019,160.93,156.33,,
01-15-2019,162.02,157.07,,
01-16-2019,162.59,157.75,,
01-17-2019,163.36,158.82,,
01-18-2019,164.48,159.79,,
01-21-2019,165.00,160.32,,
01-22-2019,163.25,159.06,,
01-23-2019,162.77,158.90,,
01-24-2019,163.68,159.67,,
01-25-2019,163.79,160.56,,
01-28-2019,164.19,160.69,,
01-29-2019,165.04,161.58,,
01-30-2019,165.24,161.83,,
01-31-2019,165.27,162.47,,
02-01-2019,164.66,162.12,,
02-04-2019,165.50,163.12,,
02-05-2019,166.59,164.17,,
02-06-2019,166.85,164.27,,
02-07-2019,166.47,164.18,,
02-08-2019,166.12,163.45,,
02-11-2019,165.23,162.77,,
02-12-2019,166.68,163.54,,
02-13-2019,167.31,163.38,,
02-14-2019,167.94,164.24,,
02-15-2019,169.59,165.73,,
02-19-2019,170.06,166.77,,
02-20-2019,170.93,167.75,,
02-21-2019,170.59,167.43,,
02-22-2019,171.15,167.58,,
02-25-2019,172.00,168.04,,
02-26-2019,172.41,168.19,,
02-27-2019,172.19,168.33,,
02-28-2019,171.22,167.59,,
03-01-2019,171.74,168.37,,
03-04-2019,171.03,168.06,,
03-05-2019,171.07,168.56,,
03-06-2019,170.52,168.63,,
03-07-2019,170.41,168.32,,
03-08-2019,170.23,167.71,,
03-11-2019,171.07,168.88,,
03-12-2019,171.62,169.20,,
03-13-2019,172.06,169.35,,
03-14-2019,171.01,168.85,,
03-15-2019,171.84,169.40,,
03-18-2019,173.23,170.57,,
03-19-2019,172.59,169.90,,
03-20-2019,172.51,169.69,,
03-21-2019,173.05,170.54,,
03-22-2019,172.16,168.94,,
03-25-2019,171.90,168.69,,
03-26-2019,173.03,169.63,,
03-27-2019,172.43,169.44,,
03-28-2019,172.54,169.85,,
03-29-2019,172.17,169.29,,
04-01-2019,173.88,170.69,,
04-02-2019,173.98,171.07,,
04-03-2019,173.87,171.24,,
04-04-2019,174.55,171.57,,
04-05-2019,175.48,172.46,,
04-08-2019,176.17,172.58,,
04-09-2019,175.36,171.94,,
04-10-2019,175.96,172.57,,
04-11-2019,176.12,172.60,,
04-12-2019,176.94,173.46,,
04-15-2019,177.78,173.83,,
04-16-2019,178.28,173.69,,
04-17-2019,178.79,174.14,,
04-18-2019,179.36,174.86,,
04-22-2019,178.59,174.49,,
04-23-2019,179.82,175.46,,
04-24-2019,178.45,174.71,,
04-25-2019,178.05,174.60,,
04-26-2019,178.17,174.99,,
04-29-2019,178.21,174.89,,
04-30-2019,178.32,174.74,,
05-01-2019,177.40,173.92,,
05-02-2019,176.32,172.95,,
05-03-2019,176.82,173.83,,
05-06-2019,176.72,173.82,,
05-07-2019,175.53,172.39,,
05-08-2019,175.87,172.82,,
05-09-2019,176.19,172.02,,
05-10-2019,175.68,171.76,,
05-13-2019,175.14,170.70,,
05-14-2019,176.49,171.78,,
05-15-2019,176.59,172.15,,
05-16-2019,177.26,173.49,,
05-17-2019,176.64,173.04,,
05-21-2019,177.58,173.31,,
05-22-2019,176.67,172.28,,
05-23-2019,175.16,170.59,,
05-24-2019,175.83,171.28,,
05-27-2019,177.19,172.51,,
05-28-2019,176.65,172.02,,
05-29-2019,175.96,170.27,,
05-30-2019,175.43,169.93,,
05-31-2019,174.94,169.39,,
06-03-2019,174.61,169.21,,
06-04-2019,175.82,170.80,,
06-05-2019,175.72,171.29,,
06-06-2019,176.31,171.49,,
06-07-2019,176.28,171.57,,
06-10-2019,176.03,171.41,,
06-11-2019,176.64,171.76,,
06-12-2019,176.13,171.54,,
06-13-2019,175.26,171.80,,
06-14-2019,175.92,172.47,,
06-17-2019,176.16,173.02,,
06-18-2019,178.19,174.61,,
06-19-2019,178.37,174.70,,
06-20-2019,179.21,175.37,,
06-21-2019,178.93,174.85,,
06-24-2019,179.00,174.86,,
06-25-2019,178.19,173.25,,
06-26-2019,178.21,172.62,,
06-27-2019,177.49,172.79,,
06-28-2019,178.25,173.66,,
07-02-2019,179.79,174.61,,
07-03-2019,180.35,175.72,,
07-04-2019,180.66,175.85,,
07-05-2019,180.48,175.36,,
07-08-2019,179.51,174.52,,
07-09-2019,180.89,175.49,,
07-10-2019,180.80,175.69,,
07-11-2019,180.97,175.31,,
07-12-2019,180.66,174.90,,
07-15-2019,181.04,175.14,,
07-16-2019,180.58,175.05,,
07-17-2019,180.35,174.86,,
07-18-2019,180.43,174.97,,
07-19-2019,180.55,174.89,,
07-22-2019,180.70,175.24,,
07-23-2019,181.43,175.81,,
07-24-2019,181.88,176.34,,
07-25-2019,180.47,175.03,,
07-26-2019,180.68,175.49,,
07-29-2019,180.65,175.07,,
07-30-2019,180.46,174.83,,
07-31-2019,180.75,174.26,,
08-01-2019,179.78,173.95,,
08-02-2019,178.64,172.83,,
08-06-2019,177.68,171.53,,
08-07-2019,177.93,172.76,,
08-08-2019,179.00,174.24,,
08-09-2019,178.21,173.57,,
08-12-2019,176.90,172.47,,
08-13-2019,177.68,173.68,,
08-14-2019,175.33,170.56,,
08-15-2019,175.22,170.21,,
08-16-2019,176.17,171.67,,
08-19-2019,177.65,173.36,,
08-20-2019,176.33,172.40,,
08-21-2019,177.13,173.43,,
08-22-2019,176.64,172.87,,
08-23-2019,174.74,170.58,,
08-26-2019,174.97,171.23,,
08-27-2019,175.69,172.16,,
08-28-2019,176.83,173.09,,
08-29-2019,178.12,174.40,,
08-30-2019,178.36,175.02,,
09-03-2019,177.99,174.62,,
09-04-2019,178.37,175.15,,
09-05-2019,179.56,176.49,,
09-06-2019,178.87,176.13,,
09-09-2019,179.33,175.72,,
09-10-2019,180.56,176.18,,
09-11-2019,180.96,176.97,,
09-12-2019,181.60,177.38,,
09-13-2019,181.58,177.87,,
09-16-2019,183.69,178.62,,
09-17-2019,184.21,179.51,,
09-18-2019,183.74,179.14,,
09-19-2019,184.20,179.76,,
09-20-2019,185.06,180.21,,
09-23-2019,184.96,179.86,,
09-24-2019,184.56,179.14,,
09-25-2019,184.13,178.99,,
09-26-2019,184.07,179.11,,
09-27-2019,183.47,178.27,,
09-30-2019,183.50,177.97,,
10-01-2019,182.07,175.72,,
10-02-2019,180.19,174.26,,
10-03-2019,180.82,174.88,,
10-04-2019,181.59,175.74,,
10-07-2019,181.47,175.47,,
10-08-2019,179.96,174.08,,
10-09-2019,180.27,175.10,,
10-10-2019,180.86,175.56,,
10-11-2019,181.39,175.48,,
10-15-2019,181.99,175.51,,
10-16-2019,182.35,175.61,,
10-17-2019,182.28,175.60,,
10-18-2019,181.90,175.08,,
10-21-2019,182.30,175.53,,
10-22-2019,182.53,175.24,,
10-23-2019,180.92,174.76,,
10-24-2019,180.78,175.13,,
10-25-2019,181.29,175.51,,
10-28-2019,181.19,175.32,,
10-29-2019,181.77,175.65,,
10-30-2019,182.33,176.57,,
10-31-2019,182.75,176.44,,
11-01-2019,182.86,177.63,,
11-04-2019,184.45,178.44,,
11-05-2019,184.79,178.57,,
11-06-2019,185.11,179.25,,
11-07-2019,187.24,179.90,,
11-08-2019,187.28,180.67,,
11-11-2019,187.27,180.73,,
11-12-2019,187.66,181.01,,
11-13-2019,188.11,181.54,,
11-14-2019,188.80,181.81,,
11-15-2019,190.02,182.41,,
11-18-2019,190.04,182.43,,
11-19-2019,189.53,182.29,,
11-20-2019,189.42,182.24,,
11-21-2019,189.42,182.19,,
11-22-2019,189.32,181.73,,
11-25-2019,190.37,182.57,,
11-26-2019,189.63,182.64,,
11-27-2019,190.43,183.33,,
11-28-2019,190.69,183.57,,
11-29-2019,190.34,182.77,,
12-02-2019,189.75,182.21,,
12-03-2019,188.51,181.26,,
12-04-2019,188.65,181.32,,
12-05-2019,188.16,180.87,,
12-06-2019,189.99,182.43,,
12-09-2019,189.48,181.94,,
12-10-2019,189.44,182.02,,
12-11-2019,188.99,181.90,,
12-12-2019,189.29,182.01,,
12-13-2019,189.36,182.68,,
12-16-2019,189.79,183.27,,
12-17-2019,190.37,183.47,,
12-18-2019,189.90,183.01,,
12-19-2019,190.51,183.35,,
12-20-2019,190.78,183.95,,
12-23-2019,191.16,184.06,,
12-24-2019,191.42,184.67,,
12-27-2019,191.31,184.56,,
12-30-2019,191.03,183.98,,
12-31-2019,190.75,183.60,,
01-02-2020,191.11,184.00,,
01-03-2020,191.34,183.64,,
01-06-2020,192.34,184.14,,
01-07-2020,193.04,184.82,,
01-08-2020,192.72,184.81,,
01-09-2020,193.35,185.65,,
01-10-2020,193.44,185.64,,
01-13-2020,193.34,186.27,,
01-14-2020,193.79,186.92,,
01-15-2020,194.37,187.59,,
01-16-2020,195.23,188.37,,
01-17-2020,195.56,189.17,,
01-20-2020,196.02,189.58,,
01-21-2020,195.45,189.32,,
01-22-2020,195.57,189.62,,
01-23-2020,195.71,189.86,,
01-24-2020,194.76,189.37,,
01-27-2020,193.30,188.05,,
01-28-2020,193.77,188.68,,
01-29-2020,193.50,188.79,,
01-30-2020,193.68,188.61,,
01-31-2020,191.86,186.81,,
02-03-2020,192.39,187.47,,
02-04-2020,193.88,188.91,,
02-05-2020,195.67,190.41,,
02-06-2020,197.17,191.56,,
02-07-2020,196.43,190.46,,
02-10-2020,196.74,191.37,,
02-11-2020,197.15,191.77,,
02-12-2020,197.18,192.38,,
02-13-2020,196.28,192.38,,
02-14-2020,196.57,192.70,,
02-18-2020,197.15,192.80,,
02-19-2020,198.05,193.53,,
02-20-2020,198.01,193.73,,
02-21-2020,196.26,192.65,,
02-24-2020,193.04,189.67,,
02-25-2020,189.19,185.51,,
02-26-2020,187.73,184.06,,
02-27-2020,184.70,180.64,,
02-28-2020,179.79,175.78,,
03-02-2020,181.29,178.93,,
03-03-2020,179.61,177.59,,
03-04-2020,182.28,181.44,,
03-05-2020,180.19,179.02,,
03-06-2020,176.96,174.92,,
03-09-2020,161.39,157.01,,
03-10-2020,165.90,161.85,,
03-11-2020,159.08,154.41,,
03-12-2020,143.40,135.37,,
03-13-2020,154.79,148.54,,
03-16-2020,141.24,133.86,,
03-17-2020,145.41,137.38,,
03-18-2020,135.95,126.94,,
03-19-2020,140.15,131.85,,
03-20-2020,135.71,128.41,,
03-23-2020,129.86,121.65,,
03-24-2020,142.07,136.21,,
03-25-2020,147.34,142.38,,
03-26-2020,150.19,144.95,,
03-27-2020,143.88,137.56,,
03-30-2020,148.20,141.54,,
03-31-2020,152.79,145.24,,
04-01-2020,149.69,139.79,,
04-02-2020,152.42,142.19,,
04-03-2020,149.95,140.46,,
04-06-2020,155.09,147.65,,
04-07-2020,155.95,147.88,,
04-08-2020,159.16,151.38,,
04-09-2020,160.41,154.00,,
04-13-2020,159.25,153.01,,
04-14-2020,161.22,155.00,,
04-15-2020,158.82,151.74,,
04-16-2020,156.99,151.10,,
04-17-2020,162.34,156.10,,
04-20-2020,161.77,156.41,,
04-21-2020,158.05,151.55,,
04-22-2020,160.43,155.45,,
04-23-2020,160.58,155.06,,
04-24-2020,161.68,156.90,,
04-27-2020,165.29,159.31,,
04-28-2020,167.49,161.01,,
04-29-2020,173.30,165.72,,
04-30-2020,169.00,160.91,,
05-01-2020,166.39,159.17,,
05-04-2020,167.14,160.53,,
05-05-2020,168.00,161.25,,
05-06-2020,167.56,161.47,,
05-07-2020,167.75,161.50,,
05-08-2020,169.43,162.94,,
05-11-2020,170.22,164.43,,
05-12-2020,168.14,162.02,,
05-13-2020,163.60,157.90,,
05-14-2020,164.77,158.12,,
05-15-2020,165.32,159.57,,
05-19-2020,169.25,162.26,,
05-20-2020,170.84,163.50,,
05-21-2020,170.03,162.29,,
05-22-2020,169.41,162.62,,
05-25-2020,171.34,164.39,,
05-26-2020,173.92,165.21,,
05-27-2020,175.75,166.56,,
05-28-2020,175.21,166.56,,
05-29-2020,174.23,165.80,,
06-01-2020,175.21,166.29,,
06-02-2020,177.30,168.01,,
06-03-2020,179.99,170.02,,
06-04-2020,180.93,169.50,,
06-05-2020,184.41,173.06,,
06-08-2020,186.91,174.42,,
06-09-2020,184.45,172.93,,
06-10-2020,181.24,171.49,,
06-11-2020,174.08,164.42,,
06-12-2020,175.74,166.75,,
06-15-2020,176.61,167.89,,
06-16-2020,178.09,169.61,,
06-17-2020,176.77,168.66,,
06-18-2020,176.60,169.22,,
06-19-2020,175.79,169.16,,
06-22-2020,176.14,169.63,,
06-23-2020,177.11,170.16,,
06-24-2020,174.33,167.21,,
06-25-2020,175.37,168.88,,
06-26-2020,172.75,166.14,,
06-29-2020,174.30,168.51,,
06-30-2020,175.13,169.89,,
07-02-2020,177.06,171.06,,
07-03-2020,176.58,170.78,,
07-06-2020,176.58,171.67,,
07-07-2020,174.99,170.85,,
07-08-2020,174.65,171.23,,
07-09-2020,173.32,170.68,,
07-10-2020,175.23,172.27,,
07-13-2020,175.45,171.45,,
07-14-2020,177.62,174.41,,
07-15-2020,181.83,176.11,,
07-16-2020,182.06,175.68,,
07-17-2020,182.88,176.76,,
07-20-2020,182.09,177.42,,
07-21-2020,183.64,177.20,,
07-22-2020,183.40,177.29,,
07-23-2020,182.24,175.63,,
07-24-2020,182.31,175.52,,
07-27-2020,182.55,177.32,,
07-28-2020,182.89,176.88,,
07-29-2020,184.58,178.78,,
07-30-2020,183.85,178.87,,
07-31-2020,183.43,177.50,,
08-04-2020,187.45,179.69,,
08-05-2020,188.67,181.16,,
08-06-2020,189.95,182.01,,
08-07-2020,191.99,181.63,,
08-10-2020,193.86,182.30,,
08-11-2020,193.69,181.11,,
08-12-2020,194.40,181.96,,
08-13-2020,193.38,181.60,,
08-14-2020,193.27,181.48,,
08-17-2020,193.98,183.03,,
08-18-2020,193.42,182.72,,
08-19-2020,194.04,182.20,,
08-20-2020,194.50,182.54,,
08-21-2020,193.92,181.57,,
08-24-2020,196.40,182.78,,
08-25-2020,196.53,182.70,,
08-26-2020,196.94,184.61,,
08-27-2020,196.83,183.96,,
08-28-2020,196.37,183.77,,
08-31-2020,193.16,181.67,,
09-01-2020,193.88,183.12,,
09-02-2020,195.93,183.71,,
09-03-2020,193.56,181.00,,
09-04-2020,192.41,178.46,,
09-08-2020,191.17,177.21,,
09-09-2020,193.28,180.38,,
09-10-2020,191.46,178.20,,
09-11-2020,192.17,178.61,,
09-14-2020,194.12,180.21,,
09-15-2020,196.27,181.00,,
09-16-2020,196.50,179.50,,
09-17-2020,196.56,179.02,,
09-18-2020,195.53,178.49,,
09-21-2020,191.68,176.12,,
09-22-2020,193.07,177.89,,
09-23-2020,190.05,174.30,,
09-24-2020,190.78,175.37,,
09-25-2020,192.46,177.13,,
09-28-2020,194.93,179.08,,
09-29-2020,193.49,178.92,,
09-30-2020,193.79,177.93,,
10-01-2020,194.48,178.62,,
10-02-2020,194.95,178.79,,
10-05-2020,197.29,181.20,,
10-06-2020,196.29,179.28,,
10-07-2020,199.06,181.40,,
10-08-2020,201.16,182.69,,
10-09-2020,200.53,183.00,,
10-13-2020,200.98,182.43,,
10-14-2020,200.70,181.82,,
10-15-2020,202.58,182.33,,
10-16-2020,201.93,181.64,,
10-19-2020,200.56,179.82,,
10-20-2020,201.32,179.81,,
10-21-2020,201.54,179.34,,
10-22-2020,203.71,179.90,,
10-23-2020,203.95,180.29,,
10-26-2020,200.30,177.81,,
10-27-2020,199.67,177.16,,
10-28-2020,194.91,172.36,,
10-29-2020,196.56,173.32,,
10-30-2020,195.91,172.38,,
11-02-2020,197.62,173.67,,
11-03-2020,199.50,176.35,,
11-04-2020,199.81,177.01,,
11-05-2020,202.06,180.33,,
11-06-2020,202.36,180.16,,
11-09-2020,210.77,182.30,,
11-10-2020,212.41,183.84,,
11-11-2020,214.27,185.60,,
11-12-2020,210.15,183.61,,
11-13-2020,211.29,184.65,,
11-16-2020,214.16,187.02,,
11-17-2020,215.09,187.68,,
11-18-2020,214.88,187.05,,
11-19-2020,213.99,187.29,,
11-20-2020,215.44,188.55,,
11-23-2020,218.03,189.39,,
11-24-2020,222.24,191.44,,
11-25-2020,222.24,191.87,,
11-26-2020,223.34,192.29,,
11-27-2020,222.94,192.89,,
11-30-2020,219.43,190.60,,
12-01-2020,218.59,191.79,,
12-02-2020,218.40,192.52,,
12-03-2020,218.81,192.97,,
12-04-2020,220.63,194.33,,
12-07-2020,220.53,195.02,,
12-08-2020,220.86,195.72,,
12-09-2020,219.66,194.86,,
12-10-2020,220.66,195.26,,
12-11-2020,219.41,194.77,,
12-14-2020,217.60,193.07,,
12-15-2020,218.76,194.39,,
12-16-2020,217.79,195.07,,
12-17-2020,218.61,196.02,,
12-18-2020,218.04,194.72,,
12-21-2020,217.27,194.35,,
12-22-2020,216.98,194.93,,
12-23-2020,218.15,195.41,,
12-24-2020,218.51,195.80,,
12-29-2020,217.43,194.90,,
12-30-2020,218.90,195.14,,
12-31-2020,217.86,193.89,,
01-04-2021,218.98,195.02,,
01-05-2021,222.28,196.75,,
01-06-2021,224.52,198.37,,
01-07-2021,225.66,200.70,,
01-08-2021,225.48,200.86,,
01-11-2021,224.30,199.66,,
01-12-2021,224.42,200.23,,
01-13-2021,223.70,199.67,,
01-14-2021,223.46,199.93,,
01-15-2021,222.83,199.39,,
01-18-2021,223.10,199.78,,
01-19-2021,224.10,199.92,,
01-20-2021,223.21,200.59,,
01-21-2021,222.71,199.50,,
01-22-2021,222.65,198.73,,
01-25-2021,222.47,199.52,,
01-26-2021,220.54,198.11,,
01-27-2021,216.94,194.16,,
01-28-2021,218.95,196.78,,
01-29-2021,215.18,193.26,,
02-01-2021,218.20,197.24,,
02-02-2021,219.94,199.27,,
02-03-2021,220.22,199.73,,
02-04-2021,222.49,201.14,,
02-05-2021,223.11,202.18,,
02-08-2021,224.97,204.35,,
02-09-2021,224.43,205.22,,
02-10-2021,223.92,205.78,,
02-11-2021,223.05,205.20,,
02-12-2021,225.48,205.97,,
02-16-2021,224.92,206.33,,
02-17-2021,223.85,205.01,,
02-18-2021,224.09,203.89,,
02-19-2021,222.72,205.12,,
02-22-2021,221.93,205.53,,
02-23-2021,222.74,204.56,,
02-24-2021,224.60,206.30,,
02-25-2021,222.03,203.47,,
02-26-2021,220.63,201.70,,
03-01-2021,224.13,204.37,,
03-02-2021,224.04,205.75,,
03-03-2021,225.33,204.66,,
03-04-2021,224.73,202.50,,
03-05-2021,227.62,205.36,,
03-08-2021,228.56,206.22,,
03-09-2021,229.24,207.85,,
03-10-2021,231.25,208.90,,
03-11-2021,232.66,210.63,,
03-12-2021,232.16,210.80,,
03-15-2021,232.12,211.96,,
03-16-2021,230.67,211.07,,
03-17-2021,232.56,212.29,,
03-18-2021,230.11,210.70,,
03-19-2021,231.22,210.90,,
03-22-2021,231.05,210.48,,
03-23-2021,228.31,208.86,,
03-24-2021,229.55,208.40,,
03-25-2021,229.77,208.68,,
03-26-2021,231.48,209.89,,
03-29-2021,231.23,209.52,,
03-30-2021,231.11,209.55,,
03-31-2021,230.04,209.50,,
04-01-2021,232.83,212.75,,
04-05-2021,233.79,213.24,,
04-06-2021,234.49,214.11,,
04-07-2021,233.85,214.39,,
04-08-2021,235.03,215.62,,
04-09-2021,234.92,215.61,,
04-12-2021,234.94,215.31,,
04-13-2021,234.36,215.34,,
04-14-2021,234.70,214.98,,
04-15-2021,235.67,216.67,,
04-16-2021,235.97,217.00,,
04-19-2021,235.66,215.35,,
04-20-2021,233.26,213.52,,
04-21-2021,233.67,214.79,,
04-22-2021,233.34,213.55,,
04-23-2021,234.32,214.35,,
04-26-2021,235.96,215.11,,
04-27-2021,235.54,215.16,,
04-28-2021,236.73,217.20,,
04-29-2021,236.43,216.10,,
04-30-2021,235.27,214.51,,
05-03-2021,237.13,215.68,,
05-04-2021,237.16,215.40,,
05-05-2021,239.95,216.78,,
05-06-2021,239.64,216.56,,
05-07-2021,242.10,218.60,,
05-10-2021,242.46,217.36,,
05-11-2021,240.18,216.38,,
05-12-2021,237.63,214.51,,
05-13-2021,237.24,214.96,,
05-14-2021,240.15,217.57,,
05-17-2021,241.99,218.83,,
05-18-2021,241.74,219.19,,
05-19-2021,239.04,218.19,,
05-20-2021,239.50,219.63,,
05-21-2021,240.00,219.47,,
05-25-2021,240.14,219.92,,
05-26-2021,242.89,221.96,,
05-27-2021,244.08,222.34,,
05-28-2021,245.38,223.25,,
05-31-2021,245.79,221.89,,
06-01-2021,249.19,224.66,,
06-02-2021,249.11,224.61,,
06-03-2021,249.70,224.31,,
06-04-2021,251.67,225.30,,
06-07-2021,250.51,225.37,,
06-08-2021,250.98,225.76,,
06-09-2021,250.25,225.10,,
06-10-2021,250.78,225.63,,
06-11-2021,252.61,226.63,,
06-14-2021,252.37,226.94,,
06-15-2021,252.50,227.77,,
06-16-2021,250.83,227.77,,
06-17-2021,246.23,226.84,,
06-18-2021,245.33,225.21,,
06-21-2021,247.92,226.99,,
06-22-2021,248.74,227.50,,
06-23-2021,248.56,227.09,,
06-24-2021,248.12,227.69,,
06-25-2021,249.18,227.93,,
06-28-2021,247.75,226.97,,
06-29-2021,249.34,227.46,,
06-30-2021,251.33,227.40,,
07-02-2021,252.34,228.08,,
07-05-2021,253.87,228.79,,
07-06-2021,253.08,229.00,,
07-07-2021,254.59,228.90,,
07-08-2021,254.08,226.43,,
07-09-2021,255.86,228.65,,
07-12-2021,255.54,228.37,,
07-13-2021,254.96,228.79,,
07-14-2021,253.54,227.40,,
07-15-2021,253.79,227.82,,
07-16-2021,252.11,225.58,,
07-19-2021,247.43,222.66,,
07-20-2021,250.55,225.10,,
07-21-2021,253.08,226.99,,
07-22-2021,252.66,226.86,,
07-23-2021,252.04,228.01,,
07-26-2021,252.54,227.74,,
07-27-2021,252.21,227.84,,
07-28-2021,252.37,228.48,,
07-29-2021,254.52,229.43,,
07-30-2021,254.50,229.23,,
08-03-2021,254.33,230.11,,
08-04-2021,254.82,229.70,,
08-05-2021,254.72,230.22,,
08-06-2021,256.25,231.35,,
08-09-2021,255.36,230.92,,
08-10-2021,257.67,231.58,,
08-11-2021,258.99,232.24,,
08-12-2021,257.88,232.00,,
08-13-2021,256.40,231.97,,
08-16-2021,254.86,231.62,,
08-17-2021,252.58,230.27,,
08-18-2021,252.26,229.61,,
08-19-2021,251.46,228.65,,
08-20-2021,253.29,230.06,,
08-23-2021,255.37,231.62,,
08-24-2021,256.27,232.46,,
08-25-2021,255.98,232.92,,
08-26-2021,255.82,231.98,,
08-27-2021,258.71,233.57,,
08-30-2021,259.23,233.09,,
08-31-2021,260.87,232.97,,
09-01-2021,262.44,234.19,,
09-02-2021,263.79,235.42,,
09-03-2021,264.09,235.72,,
09-07-2021,263.66,235.60,,
09-08-2021,264.43,234.89,,
09-09-2021,264.34,234.51,,
09-10-2021,265.31,233.69,,
09-13-2021,266.06,234.07,,
09-14-2021,264.69,232.88,,
09-15-2021,267.22,234.48,,
09-16-2021,267.06,233.49,,
09-17-2021,265.91,232.22,,
09-20-2021,260.56,228.44,,
09-21-2021,262.88,229.46,,
09-22-2021,266.43,231.25,,
09-23-2021,259.08,231.95,,
09-24-2021,264.63,231.30,,
09-27-2021,265.26,232.04,,
09-28-2021,262.07,228.96,,
09-29-2021,262.20,228.78,,
09-30-2021,261.45,227.79,,
10-01-2021,260.68,228.70,,
10-04-2021,262.96,227.67,,
10-05-2021,262.47,229.16,,
10-06-2021,259.83,229.25,,
10-07-2021,261.54,231.92,,
10-08-2021,261.43,231.92,,
10-12-2021,264.43,232.15,,
10-13-2021,266.28,234.21,,
10-14-2021,269.58,236.51,,
10-15-2021,269.19,237.74,,
10-18-2021,267.98,238.39,,
10-19-2021,268.66,239.54,,
10-20-2021,268.87,240.69,,
10-21-2021,269.51,240.98,,
10-22-2021,270.44,241.03,,
10-25-2021,269.80,241.93,,
10-26-2021,269.41,240.67,,
10-27-2021,266.04,238.18,,
10-28-2021,269.55,240.97,,
10-29-2021,268.16,239.21,,
11-01-2021,269.79,241.60,,
11-02-2021,267.68,240.72,,
11-03-2021,268.98,241.81,,
11-04-2021,269.54,242.68,,
11-05-2021,274.25,243.98,,
11-08-2021,276.58,245.13,,
11-09-2021,276.35,245.56,,
11-10-2021,274.51,244.05,,
11-11-2021,276.56,245.42,,
11-12-2021,278.22,247.68,,
11-15-2021,277.04,246.71,,
11-16-2021,277.38,247.11,,
11-17-2021,271.91,246.39,,
11-18-2021,269.52,246.24,,
11-19-2021,269.33,245.31,,
11-22-2021,268.86,243.79,,
11-23-2021,270.04,244.21,,
11-24-2021,270.31,245.29,,
11-25-2021,271.47,246.04,,
11-26-2021,266.31,240.49,,
11-29-2021,266.06,240.83,,
11-30-2021,260.38,235.33,,
12-01-2021,258.06,233.12,,
12-02-2021,259.41,236.58,,
12-03-2021,258.20,235.11,,
12-06-2021,259.19,237.71,,
12-07-2021,266.93,241.16,,
12-08-2021,263.83,240.23,,
12-09-2021,259.49,238.60,,
12-10-2021,260.11,238.20,,
12-13-2021,257.23,236.58,,
12-14-2021,255.03,235.55,,
12-15-2021,255.15,236.92,,
12-16-2021,256.73,236.59,,
12-17-2021,259.33,236.59,,
12-20-2021,257.16,234.31,,
12-21-2021,261.26,238.73,,
12-22-2021,261.66,240.38,,
12-23-2021,261.93,242.11,,
12-24-2021,262.05,242.29,,
12-29-2021,263.26,243.60,,
12-30-2021,265.17,243.26,,
12-31-2021,265.59,242.53,,
01-04-2022,265.93,242.69,,
01-05-2022,262.33,240.44,,
01-06-2022,263.11,240.82,,
01-07-2022,263.56,241.08,,
01-10-2022,263.56,240.94,,
01-11-2022,265.75,243.26,,
01-12-2022,266.79,244.63,,
01-13-2022,265.56,243.47,,
01-14-2022,267.30,244.21,,
01-17-2022,268.42,246.27,,
01-18-2022,266.18,243.26,,
01-19-2022,267.25,242.49,,
01-20-2022,264.55,240.82,,
01-21-2022,259.10,235.82,,
01-24-2022,257.19,235.26,,
01-25-2022,257.24,235.62,,
01-26-2022,257.32,235.68,,
01-27-2022,257.56,235.08,,
01-28-2022,257.78,237.37,,
01-31-2022,260.61,241.54,,
02-01-2022,265.20,244.07,,
02-02-2022,264.69,244.56,,
02-03-2022,262.95,241.49,,
02-04-2022,266.05,243.53,,
02-07-2022,264.62,243.11,,
02-08-2022,263.90,244.73,,
02-09-2022,266.97,247.34,,
02-10-2022,264.70,246.51,,
02-11-2022,264.66,246.71,,
02-14-2022,263.80,244.62,,
02-15-2022,266.09,246.34,,
02-16-2022,264.65,244.98,,
02-17-2022,261.48,242.60,,
02-18-2022,258.37,240.68,,
02-22-2022,256.69,239.58,,
02-23-2022,255.43,237.72,,
02-24-2022,257.92,237.95,,
02-25-2022,261.94,241.98,,
02-28-2022,262.77,242.21,,
03-01-2022,264.24,240.85,,
03-02-2022,266.20,243.75,,
03-03-2022,265.08,243.75,,
03-04-2022,267.62,245.52,,
03-07-2022,265.71,244.40,,
03-08-2022,266.32,243.58,,
03-09-2022,268.28,246.63,,
03-10-2022,269.65,247.68,,
03-11-2022,268.63,246.31,,
03-14-2022,262.24,243.20,,
03-15-2022,262.21,243.29,,
03-16-2022,266.36,246.53,,
03-17-2022,271.52,250.08,,
03-18-2022,271.18,250.62,,
03-21-2022,273.44,252.82,,
03-22-2022,274.30,253.58,,
03-23-2022,275.57,251.96,,
03-24-2022,274.45,252.06,,
03-25-2022,274.07,252.92,,
03-28-2022,273.26,252.60,,
03-29-2022,275.41,253.85,,
03-30-2022,275.63,253.93,,
03-31-2022,274.53,251.79,,
04-01-2022,275.84,252.52,,
04-04-2022,276.46,254.14,,
04-05-2022,272.61,252.36,,
04-06-2022,271.55,250.72,,
04-07-2022,272.55,251.38,,
04-08-2022,272.55,251.84,,
04-11-2022,270.37,250.87,,
04-12-2022,271.24,250.01,,
04-13-2022,273.19,251.43,,
04-14-2022,273.28,251.63,,
04-18-2022,273.69,251.89,,
04-19-2022,274.35,253.51,,
04-20-2022,274.69,253.28,,
04-21-2022,269.68,249.27,,
04-22-2022,264.34,244.07,,
04-25-2022,262.74,242.06,,
04-26-2022,256.78,238.37,,
04-27-2022,258.06,238.98,,
04-28-2022,261.88,243.35,,
04-29-2022,258.52,239.30,,
05-02-2022,258.20,238.50,,
05-03-2022,262.03,240.95,,
05-04-2022,266.35,244.18,,
05-05-2022,259.41,238.55,,
05-06-2022,256.75,237.82,,
05-09-2022,247.55,230.52,,
05-10-2022,246.37,229.25,,
05-11-2022,244.73,228.69,,
05-12-2022,242.95,227.25,,
05-13-2022,250.06,231.88,,
05-16-2022,252.03,233.13,,
05-17-2022,256.09,236.42,,
05-18-2022,251.14,231.92,,
05-19-2022,254.18,232.86,,
05-20-2022,253.47,233.05,,
05-24-2022,254.43,234.13,,
05-25-2022,255.77,235.27,,
05-26-2022,259.57,237.04,,
05-27-2022,263.15,239.54,,
05-30-2022,266.69,241.58,,
05-31-2022,262.82,239.44,,
06-01-2022,263.27,239.28,,
06-02-2022,268.79,243.02,,
06-03-2022,264.57,240.23,,
06-06-2022,264.50,240.56,,
06-07-2022,267.46,241.83,,
06-08-2022,265.83,240.30,,
06-09-2022,262.95,237.71,,
06-10-2022,257.80,234.37,,
06-13-2022,249.93,228.22,,
06-14-2022,247.17,226.10,,
06-15-2022,248.36,226.84,,
06-16-2022,237.44,219.89,,
06-17-2022,234.85,219.04,,
06-20-2022,239.19,221.98,,
06-21-2022,239.79,222.85,,
06-22-2022,234.23,219.92,,
06-23-2022,230.79,216.63,,
06-24-2022,235.95,220.66,,
06-27-2022,238.66,222.98,,
06-28-2022,238.54,222.56,,
06-29-2022,234.00,221.11,,
06-30-2022,230.74,218.59,,
07-04-2022,235.09,220.63,,
07-05-2022,232.48,218.38,,
07-06-2022,230.10,217.16,,
07-07-2022,234.88,221.17,,
07-08-2022,234.49,220.70,,
07-11-2022,230.95,218.31,,
07-12-2022,228.66,216.71,,
07-13-2022,228.22,215.97,,
07-14-2022,223.67,212.66,,
07-15-2022,225.45,213.42,,
07-18-2022,229.24,215.75,,
07-19-2022,231.95,219.72,,
07-20-2022,235.03,220.69,,
07-21-2022,236.31,221.18,,
07-22-2022,234.01,220.26,,
07-25-2022,235.87,221.81,,
07-26-2022,231.96,220.29,,
07-27-2022,235.73,223.56,,
07-28-2022,240.77,225.94,,
07-29-2022,247.50,228.77,,
08-02-2022,246.38,226.59,,
08-03-2022,245.64,227.07,,
08-04-2022,247.50,227.48,,
08-05-2022,247.18,227.98,,
08-08-2022,249.07,228.55,,
08-09-2022,246.61,227.49,,
08-10-2022,250.90,231.07,,
08-11-2022,253.11,232.32,,
08-12-2022,255.64,234.65,,
08-15-2022,257.50,234.66,,
08-16-2022,258.13,235.70,,
08-17-2022,255.76,234.69,,
08-18-2022,257.83,235.69,,
08-19-2022,254.40,233.91,,
08-22-2022,251.19,232.37,,
08-23-2022,252.60,232.53,,
08-24-2022,253.80,232.96,,
08-25-2022,255.32,234.73,,
08-26-2022,249.65,231.26,,
08-29-2022,248.63,230.82,,
08-30-2022,245.02,227.18,,
08-31-2022,244.65,225.09,,
09-01-2022,241.71,222.98,,
09-02-2022,242.50,224.47,,
09-06-2022,240.28,222.34,,
09-07-2022,241.40,224.18,,
09-08-2022,243.64,226.23,,
09-09-2022,248.55,230.43,,
09-12-2022,249.96,232.92,,
09-13-2022,246.02,228.95,,
09-14-2022,247.46,230.02,,
09-15-2022,244.52,228.17,,
09-16-2022,242.00,226.13,,
09-19-2022,243.73,228.19,,
09-20-2022,239.74,225.96,,
09-21-2022,236.74,223.82,,
09-22-2022,232.73,221.71,,
09-23-2022,225.29,215.64,,
09-26-2022,222.46,213.85,,
09-27-2022,222.24,213.68,,
09-28-2022,227.27,217.90,,
09-29-2022,225.20,215.48,,
09-30-2022,225.34,215.51,,
10-03-2022,231.85,220.72,,
10-04-2022,239.40,226.44,,
10-05-2022,238.58,224.85,,
10-06-2022,236.33,221.99,,
10-07-2022,232.03,217.36,,
10-11-2022,228.08,213.08,,
10-12-2022,228.42,212.95,,
10-13-2022,232.01,217.72,,
10-14-2022,228.58,214.37,,
10-17-2022,232.20,217.81,,
10-18-2022,233.45,219.88,,
10-19-2022,233.37,218.44,,
10-20-2022,231.32,217.33,,
10-21-2022,233.15,220.63,,
10-24-2022,232.86,221.31,,
10-25-2022,234.12,223.54,,
10-26-2022,238.08,225.68,,
10-27-2022,238.29,226.53,,
10-28-2022,238.60,227.96,,
10-31-2022,237.82,227.52,,
11-01-2022,238.93,228.59,,
11-02-2022,234.56,225.78,,
11-03-2022,235.01,225.36,,
11-04-2022,236.66,227.80,,
11-07-2022,238.61,228.93,,
11-08-2022,237.29,230.32,,
11-09-2022,234.20,226.63,,
11-10-2022,242.13,234.20,,
11-11-2022,243.39,235.62,,
11-14-2022,241.24,233.54,,
11-15-2022,243.95,234.40,,
11-16-2022,241.67,234.00,,
11-17-2022,240.65,233.18,,
11-18-2022,241.82,234.32,,
11-21-2022,252.32,234.33,,
11-22-2022,255.57,237.22,,
11-23-2022,256.49,237.95,,
11-24-2022,258.15,238.69,,
11-25-2022,258.25,239.15,,
11-28-2022,256.05,237.24,,
11-29-2022,258.68,238.02,,
11-30-2022,260.91,240.12,,
12-01-2022,263.08,241.06,,
12-02-2022,262.23,240.59,,
12-05-2022,258.73,237.74,,
12-06-2022,255.56,234.78,,
12-07-2022,254.85,234.63,,
12-08-2022,256.49,234.63,,
12-09-2022,255.81,234.37,,
12-12-2022,256.79,235.23,,
12-13-2022,257.16,235.28,,
12-14-2022,255.36,233.88,,
12-15-2022,252.59,230.54,,
12-16-2022,250.30,228.69,,
12-19-2022,248.25,225.84,,
12-20-2022,249.55,227.10,,
12-21-2022,252.64,230.22,,
12-22-2022,249.38,227.64,,
12-23-2022,250.71,229.55,,
12-28-2022,246.65,226.93,,
12-29-2022,251.11,229.55,,
01-03-2023,249.24,229.16,,
01-04-2023,251.16,230.87,,
01-05-2023,250.66,230.05,,
01-06-2023,253.58,233.68,,
01-09-2023,255.19,234.18,,
01-10-2023,256.47,234.67,,
01-11-2023,258.15,236.16,,
01-12-2023,261.39,238.36,,
01-13-2023,262.15,240.12,,
01-16-2023,262.81,240.47,,
01-17-2023,263.76,241.27,,
01-18-2023,262.86,240.33,,
01-19-2023,262.58,239.92,,
01-20-2023,264.34,241.83,,
01-23-2023,265.80,243.40,,
01-24-2023,265.42,243.38,,
01-25-2023,264.61,243.17,,
01-26-2023,266.01,244.36,,
01-27-2023,270.42,244.61,,
01-30-2023,269.13,242.97,,
01-31-2023,273.79,245.29,,
02-01-2023,273.56,245.10,,
02-02-2023,272.96,244.97,,
02-03-2023,275.64,245.19,,
02-06-2023,274.70,243.66,,
02-07-2023,276.53,244.79,,
02-08-2023,275.74,244.26,,
02-09-2023,274.70,243.30,,
02-10-2023,274.36,243.47,,
02-13-2023,277.04,244.53,,
02-14-2023,277.96,244.74,,
02-15-2023,278.14,244.92,,
02-16-2023,276.24,243.57,,
02-17-2023,272.47,242.50,,
02-21-2023,266.07,239.39,,
02-22-2023,266.28,238.71,,
02-23-2023,265.38,238.67,,
02-24-2023,265.65,239.04,,
02-27-2023,267.50,239.68,,
02-28-2023,269.18,239.28,,
03-01-2023,271.45,239.74,,
03-02-2023,271.11,240.74,,
03-03-2023,274.87,243.64,,
03-06-2023,271.37,242.85,,
03-07-2023,268.41,240.03,,
03-08-2023,268.88,240.88,,
03-09-2023,263.36,237.90,,
03-10-2023,254.54,234.21,,
03-13-2023,256.12,232.01,,
03-14-2023,257.51,233.45,,
03-15-2023,253.20,229.73,,
03-16-2023,255.73,231.72,,
03-17-2023,253.14,229.93,,
03-20-2023,253.26,231.49,,
03-21-2023,255.87,233.12,,
03-22-2023,252.99,231.68,,
03-23-2023,253.58,230.83,,
03-24-2023,253.29,231.35,,
03-27-2023,254.69,232.88,,
03-28-2023,251.04,233.26,,
03-29-2023,256.69,235.40,,
03-30-2023,257.98,236.88,,
03-31-2023,260.96,238.77,,
04-03-2023,264.82,240.99,,
04-04-2023,264.05,240.96,,
04-05-2023,260.68,239.72,,
04-06-2023,261.14,240.16,,
04-10-2023,261.98,241.10,,
04-11-2023,264.02,242.84,,
04-12-2023,264.24,243.23,,
04-13-2023,266.04,244.55,,
04-14-2023,265.81,244.74,,
04-17-2023,268.69,245.48,,
04-18-2023,269.09,245.98,,
04-19-2023,270.49,245.94,,
04-20-2023,268.77,245.34,,
04-21-2023,269.70,246.08,,
04-24-2023,269.64,246.04,,
04-25-2023,266.55,243.22,,
04-26-2023,265.56,242.35,,
04-27-2023,267.21,244.33,,
04-28-2023,272.04,245.70,,
05-01-2023,274.84,245.44,,
05-02-2023,271.02,242.97,,
05-03-2023,269.70,242.35,,
05-04-2023,269.19,240.96,,
05-05-2023,275.22,244.58,,
05-08-2023,275.94,245.09,,
05-09-2023,278.32,245.11,,
05-10-2023,276.10,244.12,,
05-11-2023,275.00,243.15,,
05-12-2023,276.32,243.33,,
05-15-2023,278.99,244.76,,
05-16-2023,276.45,241.23,,
05-17-2023,277.73,241.89,,
05-18-2023,277.00,241.92,,
05-19-2023,277.78,242.57,,
05-23-2023,275.97,240.18,,
05-24-2023,273.60,237.58,,
05-25-2023,270.81,235.76,,
05-26-2023,273.09,237.51,,
05-29-2023,275.89,238.08,,
05-30-2023,273.28,235.51,,
05-31-2023,272.86,233.55,,
06-01-2023,275.06,234.76,,
06-02-2023,279.66,239.03,,
06-05-2023,278.90,237.92,,
06-06-2023,280.39,239.40,,
06-07-2023,279.18,238.55,,
06-08-2023,278.63,238.16,,
06-09-2023,278.54,237.56,,
06-12-2023,278.52,237.91,,
06-13-2023,279.20,238.73,,
06-14-2023,279.53,239.22,,
06-15-2023,279.15,239.46,,
06-16-2023,277.85,238.84,,
06-19-2023,278.14,238.36,,
06-20-2023,276.59,236.21,,
06-21-2023,278.09,235.65,,
06-22-2023,276.79,234.16,,
06-23-2023,275.12,232.24,,
06-26-2023,275.31,234.26,,
06-27-2023,278.31,236.07,,
06-28-2023,279.51,237.10,,
06-29-2023,281.54,238.48,,
06-30-2023,285.79,241.38,,
07-04-2023,285.07,242.08,,
07-05-2023,283.55,240.87,,
07-06-2023,281.64,237.37,,
07-07-2023,283.57,237.76,,
07-10-2023,284.66,237.66,,
07-11-2023,287.05,238.33,,
07-12-2023,289.48,240.64,,
07-13-2023,291.59,243.12,,
07-14-2023,290.64,242.94,,
07-17-2023,290.59,242.51,,
07-18-2023,292.98,244.31,,
07-19-2023,294.11,245.68,,
07-20-2023,293.44,245.03,,
07-21-2023,294.10,246.36,,
07-24-2023,295.60,246.77,,
07-25-2023,295.94,246.57,,
07-26-2023,295.96,246.69,,
07-27-2023,292.26,244.66,,
07-28-2023,294.39,246.30,,
07-31-2023,297.11,247.61,,
08-01-2023,296.16,246.48,,
08-02-2023,291.60,242.71,,
08-03-2023,291.25,241.54,,
08-04-2023,291.54,242.93,,
08-08-2023,290.77,242.56,,
08-09-2023,291.39,243.40,,
08-10-2023,291.91,244.21,,
08-11-2023,293.09,245.02,,
08-14-2023,292.53,243.77,,
08-15-2023,288.10,239.08,,
08-16-2023,286.86,239.08,,
08-17-2023,284.95,238.05,,
08-18-2023,285.52,238.15,,
08-21-2023,285.51,237.75,,
08-22-2023,286.25,236.68,,
08-23-2023,287.86,238.96,,
08-24-2023,285.45,237.73,,
08-25-2023,287.20,238.46,,
08-28-2023,289.20,240.74,,
08-29-2023,292.44,243.97,,
08-30-2023,292.39,244.56,,
08-31-2023,293.19,244.21,,
09-01-2023,294.54,247.26,,
09-05-2023,293.06,245.68,,
09-06-2023,290.90,243.43,,
09-07-2023,286.80,242.39,,
09-08-2023,286.23,241.70,,
09-11-2023,286.40,243.00,,
09-12-2023,286.70,243.50,,
09-13-2023,285.05,244.18,,
09-14-2023,288.09,247.95,,
09-15-2023,288.07,248.61,,
09-18-2023,286.83,247.05,,
09-19-2023,284.45,243.77,,
09-20-2023,283.88,243.72,,
09-21-2023,279.22,238.63,,
09-22-2023,279.63,238.52,,
09-25-2023,280.69,238.76,,
09-26-2023,278.24,235.82,,
09-27-2023,278.08,234.45,,
09-28-2023,280.30,236.56,,
09-29-2023,280.06,236.07,,
10-02-2023,276.55,231.68,,
10-03-2023,273.97,229.79,,
10-04-2023,273.52,229.96,,
10-05-2023,273.44,231.35,,
10-06-2023,275.24,232.66,,
10-10-2023,277.57,235.74,,
10-11-2023,278.57,237.71,,
10-12-2023,275.34,235.74,,
10-13-2023,273.82,235.28,,
10-16-2023,275.53,237.19,,
10-17-2023,276.19,238.06,,
10-18-2023,272.52,235.14,,
10-19-2023,269.78,233.91,,
10-20-2023,266.98,231.09,,
10-23-2023,265.38,230.28,,
10-24-2023,263.15,229.55,,
10-25-2023,262.69,229.25,,
10-26-2023,262.92,228.37,,
10-27-2023,262.85,226.79,,
10-30-2023,262.15,228.27,,
10-31-2023,263.64,228.49,,
11-01-2023,264.87,230.99,,
11-02-2023,271.44,237.61,,
11-03-2023,275.92,240.02,,
11-06-2023,273.88,239.04,,
11-07-2023,271.37,237.01,,
11-08-2023,273.01,236.46,,
11-09-2023,272.46,237.15,,
11-10-2023,273.97,237.96,,
11-13-2023,274.72,238.63,,
11-14-2023,278.45,242.60,,
11-15-2023,279.14,243.02,,
11-16-2023,276.55,243.01,,
11-17-2023,278.06,244.50,,
11-20-2023,279.30,245.36,,
11-21-2023,277.86,243.77,,
11-22-2023,277.47,243.82,,
11-23-2023,277.46,243.86,,
11-24-2023,278.10,243.70,,
11-27-2023,276.86,242.85,,
11-28-2023,277.17,242.94,,
11-29-2023,278.32,244.03,,
11-30-2023,278.51,245.59,,
12-01-2023,281.86,248.23,,
12-04-2023,280.95,247.71,,
12-05-2023,279.49,247.30,,
12-06-2023,278.61,246.13,,
12-07-2023,277.37,246.29,,
12-08-2023,278.11,246.98,,
12-11-2023,277.42,246.82,,
12-12-2023,275.79,245.80,,
12-13-2023,281.46,250.61,,
12-14-2023,285.90,252.62,,
12-15-2023,282.42,249.59,,
12-18-2023,283.17,250.73,,
12-19-2023,286.40,253.37,,
12-20-2023,283.56,250.49,,
12-21-2023,285.75,252.52,,
12-22-2023,285.72,253.93,,
12-27-2023,287.42,255.64,,
12-28-2023,287.27,254.85,,
12-29-2023,286.96,255.20,,
01-02-2024,285.95,254.26,,
01-03-2024,284.64,253.61,,
01-04-2024,285.03,254.25,,
01-05-2024,286.59,255.06,,
01-08-2024,288.03,256.73,,
01-09-2024,286.36,255.63,,
01-10-2024,286.26,255.85,,
01-11-2024,285.48,254.99,,
01-12-2024,286.52,255.86,,
01-15-2024,287.69,256.74,,
01-16-2024,285.00,255.35,,
01-17-2024,283.10,252.31,,
01-18-2024,284.38,253.06,,
01-19-2024,286.12,254.88,,
01-22-2024,286.88,255.10,,
01-23-2024,288.55,256.45,,
01-24-2024,290.22,256.50,,
01-25-2024,292.08,257.43,,
01-26-2024,293.53,257.72,,
01-29-2024,294.30,258.72,,
01-30-2024,294.05,259.10,,
01-31-2024,292.59,256.61,,
02-01-2024,291.76,257.80,,
02-02-2024,290.79,257.38,,
02-05-2024,286.77,254.78,,
02-06-2024,288.26,255.83,,
02-07-2024,288.74,255.97,,
02-08-2024,287.49,255.36,,
02-09-2024,288.22,256.46,,
02-12-2024,288.96,257.16,,
02-13-2024,282.06,251.28,,
02-14-2024,286.59,255.17,,
02-15-2024,292.67,259.26,,
02-16-2024,292.05,259.66,,
02-20-2024,288.70,259.21,,
02-21-2024,288.44,258.66,,
02-22-2024,289.53,260.46,,
02-23-2024,289.48,261.62,,
02-26-2024,289.36,260.53,,
02-27-2024,288.94,260.58,,
02-28-2024,288.23,259.78,,
02-29-2024,290.37,261.28,,
